id,first_name,last_name,middleName,clientId
1,Rosamund,Fowell,"Ø«Ù… Ù†ÙØ³ Ø³Ù‚Ø·Øª ÙˆØ¨Ø§Ù„ØªØ­Ø¯ÙŠØ¯ØŒ, Ø¬Ø²ÙŠØ±ØªÙŠ Ø¨Ø§Ø³ØªØ®Ø¯Ø§Ù… Ø£Ù† Ø¯Ù†Ùˆ. Ø¥Ø° Ù‡Ù†Ø§ØŸ Ø§Ù„Ø³ØªØ§Ø± ÙˆØªÙ†ØµÙŠØ¨ ÙƒØ§Ù†. Ø£Ù‡Ù‘Ù„ Ø§ÙŠØ·Ø§Ù„ÙŠØ§ØŒ Ø¨Ø±ÙŠØ·Ø§Ù†ÙŠØ§-ÙØ±Ù†Ø³Ø§ Ù‚Ø¯ Ø£Ø®Ø°. Ø³Ù„ÙŠÙ…Ø§Ù†ØŒ Ø¥ØªÙØ§Ù‚ÙŠØ© Ø¨ÙŠÙ† Ù…Ø§, ÙŠØ°ÙƒØ± Ø§Ù„Ø­Ø¯ÙˆØ¯ Ø£ÙŠ Ø¨Ø¹Ø¯, Ù…Ø¹Ø§Ù…Ù„Ø© Ø¨ÙˆÙ„Ù†Ø¯Ø§ØŒ Ø§Ù„Ø¥Ø·Ù„Ø§Ù‚ Ø¹Ù„ Ø¥ÙŠÙˆ.",cea8aa07-fade-4d59-b8bd-df8885bff42c
2,Gabbie,Riddell,() { _; } >_[$($())] { touch /tmp/blns.shellshock2.fail; },0d464c60-f848-4a23-9275-714c8e439dd9
3,Stefan,Janiak,(ï½¡â—• âˆ€ â—•ï½¡),3aaa91d7-d1ff-4ea3-8001-1cd3435bc659
4,Denna,Dymidowicz,",./;'[]\-=",87b0669a-16d2-4064-be85-4fdd98841097
5,Zacharie,Milkins,â¤ï¸ ğŸ’” ğŸ’Œ ğŸ’• ğŸ’ ğŸ’“ ğŸ’— ğŸ’– ğŸ’˜ ğŸ’ ğŸ’Ÿ ğŸ’œ ğŸ’› ğŸ’š ğŸ’™,d223b811-b6fe-46ef-90ad-5a5a52ba9258
6,Shelli,Meir,1/2,b40ebb3c-b8e8-4969-becf-3d9bc76547c8
7,Wynne,Code,1'; DROP TABLE users--,a36d0abb-133f-44ff-992b-6a96a910ce1b
8,Osbert,Patrick,1.00,d9d17a27-de06-43a9-894c-bad3b6552556
9,Hillier,Dunne,-1E+02,53b65f55-019b-4bf2-bd70-19df3c8836b1
10,Eal,Osgerby,1/0,4fc3b782-8029-4a42-96f5-5d3db3f16478
11,Sid,Standley,"×‘Ö¼Ö°×¨Öµ××©×Ö´×™×ª, ×‘Ö¼Ö¸×¨Ö¸× ×Ö±×œÖ¹×”Ö´×™×, ×Öµ×ª ×”Ö·×©Ö¼×Ö¸×Ö·×™Ö´×, ×•Ö°×Öµ×ª ×”Ö¸×Ö¸×¨Ö¶×¥",54bf6c36-27a9-4448-84d1-fc33c44f6498
12,Katey,Cready,NIL,ee8b0889-e771-462f-9005-ee1568af825c
13,Burke,Stacy,ğŸ‘¾ ğŸ™‡ ğŸ’ ğŸ™… ğŸ™† ğŸ™‹ ğŸ™ ğŸ™ ,2163b351-fb16-400a-95f8-77a4b65857e7
14,Jeana,Lanston,"__ï¾›(,_,*)",6befc47e-49f5-45de-b851-782d2626b698
15,Shelby,Childers,éƒ¨è½æ ¼,40ec2677-6cb8-4e66-ac60-96d4654412d4
16,Gwendolen,Haswell,ğŸ˜,97762b17-6d86-4a8e-b77d-2d615dcd7726
17,Lynde,Bayfield,",./;'[]\-=",93258176-a345-41ad-b414-9fdeba377f8c
18,Wendy,Ogborn,Å“âˆ‘Â´Â®â€ Â¥Â¨Ë†Ã¸Ï€â€œâ€˜,00bf0fd3-08b3-4139-8877-ade50b57bc49
19,Jocelin,MacKenny,`â„â‚¬â€¹â€ºï¬ï¬‚â€¡Â°Â·â€šâ€”Â±,b674c615-ef17-4cca-bdfa-5e98c4bd0b8d
20,Stafani,Gontier,"""'""'""''''""",8245370f-fc91-48ca-bdde-1555d5fa1071
21,Mercedes,Marder,Ù¡Ù¢Ù£,8555c5f7-9883-4e2c-ad88-a4236f510ebd
22,Guilbert,Romeuf,â¢,2c7f3680-47a7-4c0b-a613-88d0404681d0
23,Kathryn,Crighton,ï½€ï½¨(Â´âˆ€ï½€âˆ©,caaa8871-e6a4-46b1-a107-e5e0bcbe017c
24,Dacia,Sharrier,1E2,c202c5de-24c0-44dc-8237-3d6c8cf2b904
25,Ann,Sacher,!@#$%^&*(),87888609-94c5-4c39-82fb-f76106034642
26,Shoshanna,Pittford,Ì¦HÍÌ¬Ì¤Ì—Ì¤eÍœ ÍÌœÌ¥ÌÌ»ÍÌŸwÌ•hÌ–Ì¯Í“oÌÍ™Ì–ÍÌ±Ì® Ò‰ÌºÌ™ÌÌŸÍˆWÌ·Ì¼Ì­aÌºÌªÍiÌ¨ÍˆÍ•Ì­Í™Ì¯ÌœtÌ¶Ì¼Ì®sÌ•Ì˜Í™Í– Ì Ì«Ì BÌ»ÍÍ…Í™Í‰Ì³eÌµhÌµÌ¬Í‡Ì«Í™iÌ•Ì¹Í“Ì³Ì³Ì®ÍÌ«nÍŸdÌ´ÌªÌœÌ– ÍÌ°Í‰Ì©Í…Í‡Í™Ì²TÍ¢Í–Ì¼Í“ÌªhÍÍ“Ì®Ì»eÌ¬ÌÍ…ÌŸ Ì¤Ì¹ÌWÍÍ…Í™ÌÌÍ”Í‡aÍÍ“Í”Ì¹Ì¼Ì£lÌ´Í”Ì°Ì¤ÌŸÍ”lÌ­Ì«.Í•,3fbe8f83-1540-4cc1-87a6-56af5f00753b
27,Dalia,Heugle,1E2,2f95a7b8-a147-487a-ba75-5653b58b0b8c
28,Melina,Fortye,Ù¡Ù¢Ù£,2ac9cfb4-3e7a-47ca-b8a2-aabcf16752df
29,Kerianne,Littledyke,<svg><script>0<1>alert('XSS')</script>,969fe4ca-dfbf-4eb4-9ebf-b21d502e2ed4
30,Hoyt,Karpinski,â°â´âµâ‚€â‚â‚‚,9493e86f-69ef-443a-8ba2-e5c772315ae5
31,Erwin,Osgardby,TÌ•Ì­ÌºÌºoÍ Ì·iÌ²Ì¬Í‡ÌªÍ™nÌÌ—Í•vÍŸÌŸÌœÌ˜Ì¦oÌ¶Ì™Ì°Ì keÍ€ÍšÌ®ÌºÌªÌ¹Ì±Ì¤ Ì–tÍÌÍ•Ì³Ì£Ì»ÌªhÌ¼Í“Ì²Ì¦Ì³Ì˜Ì²eÍ‡Ì£Ì°Ì¦Ì¬Í Ì¢Ì¼Ì»Ì±Ì˜hÍ…ÍšÍÍ™ÌœÌ£Ì²iÌ¦Ì²Ì£Ì°Ì¤vÌ»ÍeÌºÌ­Ì³ÌªÌ°-mÌ¢iÍ…nÌ–ÌºÌÌ²Ì¯Ì°dÌµÌ¼ÌŸÍ™Ì©Ì¼Ì˜Ì³ ÌÌ¥Ì±Ì³Ì­rÌ›Ì—Ì˜eÍ™pÍ rÌ¼ÌÌ»Ì­Ì—eÍŸÌºÌ Ì£sÌ˜Í‡Ì³ÍÌÍ‰eÍœÍ‰Ì¥Ì¯ÌÌ²ÍšÌ¬nÍ€Ì¬ÍÍÌŸÌ–Í‡Ì¤tÍ˜ÍÌ¬Í…Ì¤Í“Ì¼Ì­iÌªÌ±nÍ gÌ´Í‰ ÍÍ‰Í…cÌ¬ÌŸhÍ¡aÍ˜Ì«Ì»Ì¯oÌ«ÌŸÌ–ÍÌ™ÌÍ‰sÌ—Ì¦Ì².Ì¨Ì¹ÍˆÌ£,338bac13-0d1c-4299-8130-8c9a3c8703fe
32,Deerdre,Meadows,(ï¾‰à²¥ç›Šà²¥ï¼‰ï¾‰ï»¿ â”»â”â”»,93978c45-7452-42dc-bf95-8400e1667a1a
33,Merrily,Patrie,ï½€ï½¨(Â´âˆ€ï½€âˆ©,84b2a896-9442-4dc0-8903-59f0075619b9
34,Tammie,Kingswell,1E02,4d32fb41-0713-40a4-ab18-075b48573d5f
35,Cate,Gledhall,Ù¡Ù¢Ù£,99144bb6-4339-4196-80ad-4c1d4932a999
36,Gerardo,Elfes,ãƒ‘ãƒ¼ãƒ†ã‚£ãƒ¼ã¸è¡Œã‹ãªã„ã‹,d223e594-3b08-4bf3-930d-533fdb839993
37,Teddy,Shillingford,-1E02,94c8cc7a-89ee-4b3d-862a-ba220d57ab63
38,Audrye,Draye,ãƒ»(ï¿£âˆ€ï¿£)ãƒ»:*:,0b66e1c2-d783-4c66-ab03-2aa0423e06f6
39,Hendrik,Danielou,nil,8128bb53-0932-4c04-a8e0-d57d1d39531c
40,Mala,Ludron,"'""'",bbb50e4f-8f47-4100-a85b-b636eb8de652
41,Kaila,Cogle,â¦testâ§,57cb5932-58e6-491d-8adf-ab42b546e937
42,Bethina,Piegrome,() { 0; }; touch /tmp/blns.shellshock1.fail;,25005e41-099a-4d76-8e39-2703893102cd
43,Kimberlee,Greeve,Ë™Énbá´‰lÉ ÉuÆƒÉÉ¯ ÇÉ¹olop Ê‡Ç ÇÉ¹oqÉl Ê‡n Ê‡unpá´‰pá´‰É”uá´‰ É¹odÉ¯ÇÊ‡ poÉ¯sná´‰Ç op pÇs 'Ê‡á´‰lÇ Æƒuá´‰É”sá´‰dá´‰pÉ É¹nÊ‡ÇÊ‡É”ÇsuoÉ” 'Ê‡ÇÉ¯É Ê‡á´‰s É¹olop É¯nsdá´‰ É¯ÇÉ¹oË¥,22b0d752-3ba9-40fa-8027-750ca62a63f9
44,Sampson,Carlos,0/0,32231d84-9538-487a-af58-2b38bc6dfb4c
45,Elwin,Bembrick,$1.00,82ce45ce-1616-4ae6-9caa-11d6d6e3236e
46,Krystal,Hunnawill,ç¤¾æœƒç§‘å­¸é™¢èªå­¸ç ”ç©¶æ‰€,7df7681e-87bd-4b30-a030-1dd48a638c6d
47,Caz,Tolman,å’Œè£½æ¼¢èª,37c6c4ea-f46f-4c94-9357-ea6288334d15
48,Gretel,Bohike,"""""",5681a8f4-0de3-40f7-a526-b40e85113435
49,Wiatt,Rayworth,1.00,3024e99c-81e5-4dff-9bcf-5f8fcd62ecb1
50,Brit,Reavey,ğŸ‘©ğŸ½,504ffb87-603c-4b14-a47f-1872d8ec0eee
51,Cynthie,Polendine,"<>?:""{}|_+",939014f6-dd4e-4611-b9a7-7c78dded95d1
52,Koressa,Mongain,â¦testâ§,836c1e88-9ab8-4593-a677-9246ed24dfdb
53,Flore,Arminger,â€‹,ed568a8f-7ff9-4360-b7c8-f6ba42f01276
54,Alexis,Elcoate,1,8cdf24c4-1079-4560-8ee1-8d6fc5fdeb21
55,Ira,Dowsett,ğ œğ œ±ğ ¹ğ ±“ğ ±¸ğ ²–ğ ³,56a43a8c-b9e4-4522-a5bc-6c058710cacb
56,Eudora,Duchenne,../../../../../../../../../../../etc/passwd%00,c155fe6e-c148-4816-9b79-2cc414adafac
57,Abigael,Stoakley,ï»¿,3fb215b8-9d63-406d-a958-388c63abe4c3
58,Patton,Carwardine,éƒ¨è½æ ¼,e0a5c4e9-b113-4fc5-860b-d8d28194c04c
59,Paton,Dermot,-$1.00,0aed3dae-8231-4fe3-bc6a-70cfb2b25693
60,Chantalle,Fossord,"""",233c1a73-413d-4225-a2aa-0da63ff3f8c0
61,Gibby,Randall,ìš¸ë€ë°”í† ë¥´,3f399e23-d7fa-4fa6-b3c7-052792240f6c
62,Florie,Metrick,"""""",00cc96a1-1d83-412d-a622-b4b004d2040b
63,Hertha,Rubert,Ì¦HÍÌ¬Ì¤Ì—Ì¤eÍœ ÍÌœÌ¥ÌÌ»ÍÌŸwÌ•hÌ–Ì¯Í“oÌÍ™Ì–ÍÌ±Ì® Ò‰ÌºÌ™ÌÌŸÍˆWÌ·Ì¼Ì­aÌºÌªÍiÌ¨ÍˆÍ•Ì­Í™Ì¯ÌœtÌ¶Ì¼Ì®sÌ•Ì˜Í™Í– Ì Ì«Ì BÌ»ÍÍ…Í™Í‰Ì³eÌµhÌµÌ¬Í‡Ì«Í™iÌ•Ì¹Í“Ì³Ì³Ì®ÍÌ«nÍŸdÌ´ÌªÌœÌ– ÍÌ°Í‰Ì©Í…Í‡Í™Ì²TÍ¢Í–Ì¼Í“ÌªhÍÍ“Ì®Ì»eÌ¬ÌÍ…ÌŸ Ì¤Ì¹ÌWÍÍ…Í™ÌÌÍ”Í‡aÍÍ“Í”Ì¹Ì¼Ì£lÌ´Í”Ì°Ì¤ÌŸÍ”lÌ­Ì«.Í•,24380a09-fcf0-45c4-8315-b84853a5db0e
64,Gusella,Candey,1/2,f037e0f7-413b-46d4-93a7-b38c6052a373
65,Maximilian,Dowdell,ğŸ‘¾ ğŸ™‡ ğŸ’ ğŸ™… ğŸ™† ğŸ™‹ ğŸ™ ğŸ™ ,f4568545-9ba1-4ac1-bb76-3e685ac9820a
66,Rolland,Kyndred,ï»¿,81b21ed4-896b-45ca-b1d5-8da87a998c5e
67,Heda,Inchan,() { 0; }; touch /tmp/blns.shellshock1.fail;,28c77c10-5518-462a-b3dc-04ce10da4685
68,Jolynn,Osment,â€«testâ€«,7d2f5a72-51a5-45cd-a08b-370abb75d65e
69,Earvin,Musso,Å’â€Â´â€°Ë‡ÃÂ¨Ë†Ã˜âˆâ€â€™,9a90e241-6f51-4d7b-ade6-af8a2c2f2c53
70,Laurice,Fenton,00Ë™Æ–$-,4ea1c216-f9db-499f-b89f-56b7941d8aa1
71,Tasia,Kincey,NULL,7b62f884-f511-4e6c-aa0a-8996db8ace25
72,Norah,Dowsing,áš€,4de456d6-6717-447f-8b39-3721fc41ae3d
73,Sofie,Vellender,âœ‹ğŸ¿ ğŸ’ªğŸ¿ ğŸ‘ğŸ¿ ğŸ™ŒğŸ¿ ğŸ‘ğŸ¿ ğŸ™ğŸ¿,b5872cd1-a842-4ba9-9045-b53677159f94
74,Ferris,Ruske,"__ï¾›(,_,*)",0bd0a692-de04-42c5-a583-d04849e1288b
75,Mateo,Khidr,'',ff1c6596-e850-4163-b71e-b74441199fed
76,Nerti,Kirkam,"""'""'""''''""",9e958569-c90c-4bcc-addf-2363a702243f
77,Joletta,Robatham,",ã€‚ãƒ»:*:ãƒ»ã‚œâ€™( â˜» Ï‰ â˜» )ã€‚ãƒ»:*:ãƒ»ã‚œâ€™",94d0cf0a-0c62-4cf3-bdeb-634692c16a05
78,Vivyan,Bramsom,(â•¯Â°â–¡Â°ï¼‰â•¯ï¸µ â”»â”â”»)  ,db1f5456-0190-49ac-8bfe-c6a2adb96d39
79,Patrizia,McIlhagga,nil,4c660b6f-6b83-48ec-a4e5-59d1d5e310fc
80,Gertrudis,Vickors,() { _; } >_[$($())] { touch /tmp/blns.shellshock2.fail; },3cab85c4-814d-4f83-9b30-59385bae266d
81,Avie,Aizikowitz,/dev/null; touch /tmp/blns.fail ; echo,fdd3bd7e-801b-427a-aab1-94df1cdd0722
82,Cristy,Davis,"__ï¾›(,_,*)",46d1d7fc-b792-4ae6-838a-b7f15867891b
83,Cleon,Pringell,ï½€ï½¨(Â´âˆ€ï½€âˆ©,33d310a1-559b-4a2c-ac8b-7087160afb8e
84,Cornelia,Eary,áš€,96d310c0-2595-4774-8d45-83f009af8afc
85,Patsy,McNirlan,-1E02,9dfcd410-f79c-47ee-9966-794556364c8c
86,Mercedes,Just,TÌ•Ì­ÌºÌºoÍ Ì·iÌ²Ì¬Í‡ÌªÍ™nÌÌ—Í•vÍŸÌŸÌœÌ˜Ì¦oÌ¶Ì™Ì°Ì keÍ€ÍšÌ®ÌºÌªÌ¹Ì±Ì¤ Ì–tÍÌÍ•Ì³Ì£Ì»ÌªhÌ¼Í“Ì²Ì¦Ì³Ì˜Ì²eÍ‡Ì£Ì°Ì¦Ì¬Í Ì¢Ì¼Ì»Ì±Ì˜hÍ…ÍšÍÍ™ÌœÌ£Ì²iÌ¦Ì²Ì£Ì°Ì¤vÌ»ÍeÌºÌ­Ì³ÌªÌ°-mÌ¢iÍ…nÌ–ÌºÌÌ²Ì¯Ì°dÌµÌ¼ÌŸÍ™Ì©Ì¼Ì˜Ì³ ÌÌ¥Ì±Ì³Ì­rÌ›Ì—Ì˜eÍ™pÍ rÌ¼ÌÌ»Ì­Ì—eÍŸÌºÌ Ì£sÌ˜Í‡Ì³ÍÌÍ‰eÍœÍ‰Ì¥Ì¯ÌÌ²ÍšÌ¬nÍ€Ì¬ÍÍÌŸÌ–Í‡Ì¤tÍ˜ÍÌ¬Í…Ì¤Í“Ì¼Ì­iÌªÌ±nÍ gÌ´Í‰ ÍÍ‰Í…cÌ¬ÌŸhÍ¡aÍ˜Ì«Ì»Ì¯oÌ«ÌŸÌ–ÍÌ™ÌÍ‰sÌ—Ì¦Ì².Ì¨Ì¹ÍˆÌ£,36becd08-4f97-4da3-8ee2-7a385fc329dd
87,Jerry,Derycot,â£,8708e87c-4d2a-4fba-a05f-388efa61195f
88,Ronni,Leggon,1E2,fc2a947e-9453-4d60-bada-abb1495e9931
89,Bonnie,Venus,1,afba9146-3d72-4271-809b-75646bbf82b5
90,Byron,Delgardillo,â°â´âµ,09be7bfe-2534-414a-a414-78cbdb6bd6e1
91,Dona,Overal,ì‚¬íšŒê³¼í•™ì› ì–´í•™ì—°êµ¬ì†Œ,acae13d1-294c-4303-b07f-67cdbb166d4b
92,Coletta,Bruinsma,-1E02,27000dfc-01c6-49d6-a6fc-f49a320ff4de
93,Mikol,Comrie,ç¤¾æœƒç§‘å­¸é™¢èªå­¸ç ”ç©¶æ‰€,98cb5b12-7f4f-4f40-bf6a-6921edfbead1
94,Pippa,Germon,1/2,a233eca4-d0f4-4e33-b63b-44c78bf5ca69
95,Elora,Cadigan,á ,7e84a1ea-a494-4f29-9a6f-507ec841db2c
96,Phillip,Cadlock,ï½€ï½¨(Â´âˆ€ï½€âˆ©,8527ba18-9624-49e0-8d55-ac455f0e76b6
97,Cedric,Crallan,ï»¿,e44c6f0a-f128-44d3-b966-28233e22550f
98,Juliana,Pydcock,â‚€â‚â‚‚,060ba444-2029-494c-9db0-140d8f857d56
99,Sapphira,Koppel,â¦testâ§,0094d450-7768-436b-9d01-2cf54e24ac78
100,Aimee,Greetham,"""",175a1811-d67f-43cc-9ff9-3e5c18c230d4
101,Vonny,Elvin,0ï¸âƒ£ 1ï¸âƒ£ 2ï¸âƒ£ 3ï¸âƒ£ 4ï¸âƒ£ 5ï¸âƒ£ 6ï¸âƒ£ 7ï¸âƒ£ 8ï¸âƒ£ 9ï¸âƒ£ ğŸ”Ÿ,a5a600f6-68ce-4dce-9423-b1b33438fd16
102,Ashlan,Assandri,â£,18c59f41-91b6-4b8a-9cff-1c9c9a452462
103,Rosene,Cruft,â¦testâ§,fc02aabf-32f6-4671-a2dc-aa4546c068f7
104,Krissy,Broune,",ã€‚ãƒ»:*:ãƒ»ã‚œâ€™( â˜» Ï‰ â˜» )ã€‚ãƒ»:*:ãƒ»ã‚œâ€™",d07f902a-3ebe-4ad1-9607-1a10fa5da010
105,Nisse,Pynner,../../../../../../../../../../../etc/hosts,6b9275d6-d5c9-44dd-932f-7db23dda9b04
106,Emmerich,Laugier,áš€,94ae6e9a-eb41-42cb-b34d-fa53e75a6c5a
107,Kennedy,Sturzaker,() { _; } >_[$($())] { touch /tmp/blns.shellshock2.fail; },9d55d43c-79e3-4d2d-ab39-d3d980fa83d6
108,Wilhelmine,Skrzynski,â°â´âµâ‚€â‚â‚‚,ababda7b-0145-46a1-85c5-25e4fc69a46c
109,Ben,Keesman,-1.00,c296efa5-4828-47f3-95fd-09c2bb313a36
110,Dexter,Horsfield,ãƒ½à¼¼àºˆÙ„Íœàºˆà¼½ï¾‰ ãƒ½à¼¼àºˆÙ„Íœàºˆà¼½ï¾‰ ,78271bba-1cec-4185-9d7b-d06bafd3ed8b
111,Darby,Colledge,â°â´âµâ‚€â‚â‚‚,fe2575ab-89ee-4423-96dd-006bc18742b9
112,Raimund,Piniur,NULL,a38f6a34-edc5-43ef-9a5e-de8b9f41c75f
113,Lorenzo,Pandey,áš€,fcc24565-7270-4088-bc45-2fcbb0526194
114,Darius,Lonie,ğŸš¾ ğŸ†’ ğŸ†“ ğŸ†• ğŸ†– ğŸ†— ğŸ†™ ğŸ§,b3307adb-bfcf-4ade-9243-4df772cfc3c7
115,Virginie,Zannotti,â¡,c31db8e0-38ad-4dbf-95fc-057b1de4a7a2
116,Andy,Allridge,ç”°ä¸­ã•ã‚“ã«ã‚ã’ã¦ä¸‹ã•ã„,410272d8-a497-43a7-b8fb-ae36dec937fe
117,Lorette,Kilmurry,0.00,63e58ef8-5a8f-42e6-b560-cc7257c2734a
118,Ted,Antoniak,éƒ¨è½æ ¼,3bf87540-0fb3-4f34-a3d2-f9dfba03934e
119,Nicky,Skippon,×”Ö¸×™Ö°×ªÖ¸×”testØ§Ù„ØµÙØ­Ø§Øª Ø§Ù„ØªÙ‘Ø­ÙˆÙ„,d891f40b-7f73-4ad6-b8d1-e7e7ad16a784
120,Rossy,Ramsdale,"__ï¾›(,_,*)",e083c23c-5f09-4281-8d4e-45cc4c926854
121,Katlin,Murfill,-1E02,4d7a6848-bad1-409b-a2a1-da2127d92e83
122,Eustacia,Mapston,1,04552394-586b-4e9f-be23-e4eddef848a5
123,Cory,De Carteret,ã€€,7e3e95c6-d56d-466a-a00a-fdfb576a6fbf
124,Shantee,Gammons,1E02,07420a00-b676-4f9f-be05-82b31be1c2eb
125,Kele,Reast,â€‹,62ae8b76-a0de-4ded-b6e9-aaf474c73237
126,Lyn,Deal,Ì—ÌºÍ–Ì¹Ì¯Í“TÌ±Ì¤ÍÌ¥Í‡ÍˆhÍÌ²eÍÍ“Ì¼Ì—Ì™Ì¼Ì£Í” Í‡ÌœÌ±Ì Í“ÍÍ…NÍ Í•eÌ—Ì±zÌ˜ÌÌœÌºÍ™pÌ¤ÌºÌ¹ÍÌ¯ÍšeÍœÌ Ì»Ì rÌ¨Ì¤ÍÌºÌ–Í”Ì–Ì–dÍŸÌ ÌŸÌ­Ì¬ÌiÌ¦Í–Ì©Í“Í”Ì¤aÌ Ì—Ì¬Í‰Ì™nÍœÍš Ì»ÌÌ°ÍšÍ…hÌµÍ‰iÌ³ÌvÌ¢Í‡eÍŸÌ­Í-Ò‰Ì­Ì©Ì¼Í”mÌ¤Ì­Ì«iÍ•Í‡ÌÌ¦nÌ—Í™dÌ£ÌŸ ÍÌ¯Ì²Í•oÌ¨ÌŸÌ¯Ì°Ì²Í™Ì»Ìf Í˜ÌªÌ°Ì°Ì—Ì–Ì­Ì˜cÌ¦ÍÌ²ÌÍÌ©Ì™hÌ£ÍšaÍœÌ®ÍÌŸÌ™oÌ›Ì©Ì¹ÍsÌ¤.ÌÌ Ò‰ZÌ¡Ì–ÌœÍ–Ì°Ì£Í‰ÌœaÍ¡Í–Ì°Í™Ì¬lÌ²Ì«Ì³ÍÌ©gÌ¡ÌŸÌ¼Ì±ÍšÌÌ¬Í…oÍœÌ—.ÌŸ,7ac0c5fd-058a-4901-a961-692795837286
127,Aurthur,Ormiston,ğŸš¾ ğŸ†’ ğŸ†“ ğŸ†• ğŸ†– ğŸ†— ğŸ†™ ğŸ§,47bcdf61-c13e-45c7-8641-05debb786aa3
128,Con,Leber,â¤ï¸ ğŸ’” ğŸ’Œ ğŸ’• ğŸ’ ğŸ’“ ğŸ’— ğŸ’– ğŸ’˜ ğŸ’ ğŸ’Ÿ ğŸ’œ ğŸ’› ğŸ’š ğŸ’™,7b15abc8-34fe-4069-8e4a-f34fa9f5e902
129,Aubrie,Mcall,â€«testâ€«,04afcd37-b451-4311-92b3-d24e9c65ded9
130,Bambi,Polendine,-1E+02,b4d55941-ee2d-4aa6-a977-b379423ec2ce
131,Britta,Trathen,1;DROP TABLE users,bce2f561-4534-4fba-b44c-b1aa79c4b61e
132,Aharon,Kitcatt,-1E+02,2b695e42-f69c-4e86-a06b-957f91bc3b73
133,Rutter,Kirton,â€©testâ€©,1b5633bd-ce7b-4028-9566-d0a2ae7c8ed5
134,Catlee,Ahmad,ğŸ‘©ğŸ½,af6b34a2-2e2a-4f74-b6bf-42dbc870b863
135,Solly,Tooke,Ë™Énbá´‰lÉ ÉuÆƒÉÉ¯ ÇÉ¹olop Ê‡Ç ÇÉ¹oqÉl Ê‡n Ê‡unpá´‰pá´‰É”uá´‰ É¹odÉ¯ÇÊ‡ poÉ¯sná´‰Ç op pÇs 'Ê‡á´‰lÇ Æƒuá´‰É”sá´‰dá´‰pÉ É¹nÊ‡ÇÊ‡É”ÇsuoÉ” 'Ê‡ÇÉ¯É Ê‡á´‰s É¹olop É¯nsdá´‰ É¯ÇÉ¹oË¥,b4e857fb-480b-4e88-b224-a18cd31e32cb
136,Lonnie,Labone,"""""",4cb83d7c-c522-48c5-b0a3-22540cd9be74
137,Hieronymus,Doding,â°â´âµ,a84f4564-64fe-4f31-853f-91fb0dd6ad3e
138,Kippar,Orto,â¦testâ§,351df936-c243-46ec-b4ae-c6f814324302
139,Rosalie,Astle,ãƒ»(ï¿£âˆ€ï¿£)ãƒ»:*:,a952fa36-5b6d-4c74-999e-403d20fea3fd
140,Amanda,Shoreson,ì‚¬íšŒê³¼í•™ì› ì–´í•™ì—°êµ¬ì†Œ,9c32edeb-bbd2-453b-8431-2eb053f2490c
141,Meghan,Bilsborrow,Ì¦HÍÌ¬Ì¤Ì—Ì¤eÍœ ÍÌœÌ¥ÌÌ»ÍÌŸwÌ•hÌ–Ì¯Í“oÌÍ™Ì–ÍÌ±Ì® Ò‰ÌºÌ™ÌÌŸÍˆWÌ·Ì¼Ì­aÌºÌªÍiÌ¨ÍˆÍ•Ì­Í™Ì¯ÌœtÌ¶Ì¼Ì®sÌ•Ì˜Í™Í– Ì Ì«Ì BÌ»ÍÍ…Í™Í‰Ì³eÌµhÌµÌ¬Í‡Ì«Í™iÌ•Ì¹Í“Ì³Ì³Ì®ÍÌ«nÍŸdÌ´ÌªÌœÌ– ÍÌ°Í‰Ì©Í…Í‡Í™Ì²TÍ¢Í–Ì¼Í“ÌªhÍÍ“Ì®Ì»eÌ¬ÌÍ…ÌŸ Ì¤Ì¹ÌWÍÍ…Í™ÌÌÍ”Í‡aÍÍ“Í”Ì¹Ì¼Ì£lÌ´Í”Ì°Ì¤ÌŸÍ”lÌ­Ì«.Í•,cbc7de37-181a-4996-b06f-94a19d737e0d
142,Meade,Coulthard,(ï¾‰à²¥ç›Šà²¥ï¼‰ï¾‰ï»¿ â”»â”â”»,6c9dc16b-495c-4c36-91ae-5b132e9a7b44
143,Rachelle,Le land,ç¤¾æœƒç§‘å­¸é™¢èªå­¸ç ”ç©¶æ‰€,ddbe0c0f-4d46-49b8-b9a3-91a2d059a3f7
144,Melisa,Ilive,"×‘Ö¼Ö°×¨Öµ××©×Ö´×™×ª, ×‘Ö¼Ö¸×¨Ö¸× ×Ö±×œÖ¹×”Ö´×™×, ×Öµ×ª ×”Ö·×©Ö¼×Ö¸×Ö·×™Ö´×, ×•Ö°×Öµ×ª ×”Ö¸×Ö¸×¨Ö¶×¥",a4f19614-7929-44ee-a72c-6e8a404f9a1e
145,Clem,Swiers,-1.00,3470ef99-0a3f-47f0-91ed-b313d0a3bf15
146,Sharleen,Derobert,éƒ¨è½æ ¼,801e5af3-4437-447a-9e33-8a00c30d21e0
147,Mackenzie,Scalera,../../../../../../../../../../../etc/hosts,86ed8293-a53b-4884-aea2-c1597d6839df
148,Pryce,Jiri,Ã…ÃÃÃËÃ“Ã”ï£¿Ã’ÃšÃ†â˜ƒ,37fe915d-6009-4cda-b6a3-9eb1493aa469
149,Eustace,Devennie,1,a2b6b6ef-133a-4a83-953e-7972a9e4286e
150,Linzy,Gallaher,â¢,80a276e2-409a-46f9-8b3a-24a6dd357a78
151,Mitzi,Swetland,Î©â‰ˆÃ§âˆšâˆ«ËœÂµâ‰¤â‰¥Ã·,5ead593a-9ff2-4593-85cf-da31f3b3d6eb
152,Constantin,Edwinson,ï¾Ÿï½¥âœ¿ãƒ¾â•²(ï½¡â—•â€¿â—•ï½¡)â•±âœ¿ï½¥ï¾Ÿ,c7848625-831d-44a5-a7c6-7832614651fa
153,Carolynn,Ferrey,<svg><script>0<1>alert('XSS')</script>,f775ad4f-55ed-4caf-afd4-c5e4bb65f071
154,Kelila,Schober,ğŸ˜,6b2f7d9c-2a9e-48d5-84da-e08a60a3fb0e
155,Nicola,Axelby,-1,830425fe-3bdf-4338-ace6-e0c6f6b4cbf3
156,Stesha,Vasilchenko,testâ testâ€«,cd1436f0-824a-48d1-819b-3b47a12c2c5c
157,Alena,Burress,(ï½¡â—• âˆ€ â—•ï½¡),8f1b35fa-f943-4ff0-a2c9-b0cfa1a15c45
158,Imogene,Antoniutti,ï¼‘ï¼’ï¼“,76c6405c-c971-4382-9b15-02f0469b744b
159,Gianni,Pawelke,1;DROP TABLE users,98ea1f4b-b0f9-45ca-8bf2-0e67bbb08a13
160,Matty,Mullins,Ã¥ÃŸâˆ‚Æ’Â©Ë™âˆ†ËšÂ¬â€¦Ã¦,10c912b5-6d07-4746-9064-767cea3a4e9e
161,Caz,Dickings,1;DROP TABLE users,3953efa2-cfc2-4efb-a135-8b58557aeb46
162,Donalt,Riglar,"Ø«Ù… Ù†ÙØ³ Ø³Ù‚Ø·Øª ÙˆØ¨Ø§Ù„ØªØ­Ø¯ÙŠØ¯ØŒ, Ø¬Ø²ÙŠØ±ØªÙŠ Ø¨Ø§Ø³ØªØ®Ø¯Ø§Ù… Ø£Ù† Ø¯Ù†Ùˆ. Ø¥Ø° Ù‡Ù†Ø§ØŸ Ø§Ù„Ø³ØªØ§Ø± ÙˆØªÙ†ØµÙŠØ¨ ÙƒØ§Ù†. Ø£Ù‡Ù‘Ù„ Ø§ÙŠØ·Ø§Ù„ÙŠØ§ØŒ Ø¨Ø±ÙŠØ·Ø§Ù†ÙŠØ§-ÙØ±Ù†Ø³Ø§ Ù‚Ø¯ Ø£Ø®Ø°. Ø³Ù„ÙŠÙ…Ø§Ù†ØŒ Ø¥ØªÙØ§Ù‚ÙŠØ© Ø¨ÙŠÙ† Ù…Ø§, ÙŠØ°ÙƒØ± Ø§Ù„Ø­Ø¯ÙˆØ¯ Ø£ÙŠ Ø¨Ø¹Ø¯, Ù…Ø¹Ø§Ù…Ù„Ø© Ø¨ÙˆÙ„Ù†Ø¯Ø§ØŒ Ø§Ù„Ø¥Ø·Ù„Ø§Ù‚ Ø¹Ù„ Ø¥ÙŠÙˆ.",c6a78263-2e96-4af7-840a-b7bd2469d5f0
163,Lanae,Tuberfield,",ã€‚ãƒ»:*:ãƒ»ã‚œâ€™( â˜» Ï‰ â˜» )ã€‚ãƒ»:*:ãƒ»ã‚œâ€™",a7537eec-9ed8-4858-96f9-b91f8aea38f1
164,Prudi,Kardos-Stowe,0.00,171786c7-9011-4526-8a0d-2d62d7710648
165,Cooper,Unwin,1;DROP TABLE users,46869c9b-2bda-4193-a452-b5f382747219
166,Somerset,Brownsworth,0ï¸âƒ£ 1ï¸âƒ£ 2ï¸âƒ£ 3ï¸âƒ£ 4ï¸âƒ£ 5ï¸âƒ£ 6ï¸âƒ£ 7ï¸âƒ£ 8ï¸âƒ£ 9ï¸âƒ£ ğŸ”Ÿ,b94b5615-45f7-44c0-8267-93bbae01ad5f
167,Pascale,Milham,"Ø«Ù… Ù†ÙØ³ Ø³Ù‚Ø·Øª ÙˆØ¨Ø§Ù„ØªØ­Ø¯ÙŠØ¯ØŒ, Ø¬Ø²ÙŠØ±ØªÙŠ Ø¨Ø§Ø³ØªØ®Ø¯Ø§Ù… Ø£Ù† Ø¯Ù†Ùˆ. Ø¥Ø° Ù‡Ù†Ø§ØŸ Ø§Ù„Ø³ØªØ§Ø± ÙˆØªÙ†ØµÙŠØ¨ ÙƒØ§Ù†. Ø£Ù‡Ù‘Ù„ Ø§ÙŠØ·Ø§Ù„ÙŠØ§ØŒ Ø¨Ø±ÙŠØ·Ø§Ù†ÙŠØ§-ÙØ±Ù†Ø³Ø§ Ù‚Ø¯ Ø£Ø®Ø°. Ø³Ù„ÙŠÙ…Ø§Ù†ØŒ Ø¥ØªÙØ§Ù‚ÙŠØ© Ø¨ÙŠÙ† Ù…Ø§, ÙŠØ°ÙƒØ± Ø§Ù„Ø­Ø¯ÙˆØ¯ Ø£ÙŠ Ø¨Ø¹Ø¯, Ù…Ø¹Ø§Ù…Ù„Ø© Ø¨ÙˆÙ„Ù†Ø¯Ø§ØŒ Ø§Ù„Ø¥Ø·Ù„Ø§Ù‚ Ø¹Ù„ Ø¥ÙŠÙˆ.",f4436b9c-239f-4b4d-b188-b9d21aec294c
168,Janina,Plante,../../../../../../../../../../../etc/hosts,3efada12-3c26-42fa-93b0-dad5a0e914b2
169,Merrel,Dollard,ï»¿,e93b9546-5cde-4c67-8ea3-b12a9d275d8b
170,Tedra,Jovanovic,-1/2,0216639f-de08-441a-9ef7-7b4ad2856fe4
171,Jojo,Gummie,ğŸ˜,301cb18e-c92d-4adf-9851-f2a9cbfae89e
172,Keriann,Sedgman,!@#$%^&*(),dadd2946-fa87-4dd9-8b08-40e053f073f0
173,Reg,Raiman,',64187bde-bd18-40e8-b3b4-6d19b167f7d7
174,Tedman,Zammett,1'; DROP TABLE users--,6960f63a-c748-4494-91a8-6e7f3b9ab52d
175,Briggs,Godman,â£,1166359a-6c16-4de3-8787-38249151e474
176,Doll,Feake,â€©testâ€©,02ae4464-896c-45bf-8c09-380f2a8f6925
177,Georgie,Barrow,Â¸Ë›Ã‡â—ŠÄ±ËœÃ‚Â¯Ë˜Â¿,4809b522-5d96-40e7-9dd6-6b421e6991b8
178,Correna,Summerside,null,c3c94aa1-5f72-461c-b919-6f08380f51e3
179,Sheff,Ghidini,ì‚¬íšŒê³¼í•™ì› ì–´í•™ì—°êµ¬ì†Œ,69c53d37-9f03-47d0-bd9c-6912358b5b11
180,Ethelred,Gillman,ï»¿,975c256a-33e2-4017-90bc-cf50919e38df
181,Cristionna,Wile,"""""",eff25190-62a0-4281-9a31-bdb2130eb4f7
182,Arabelle,Marris,Ì¦HÍÌ¬Ì¤Ì—Ì¤eÍœ ÍÌœÌ¥ÌÌ»ÍÌŸwÌ•hÌ–Ì¯Í“oÌÍ™Ì–ÍÌ±Ì® Ò‰ÌºÌ™ÌÌŸÍˆWÌ·Ì¼Ì­aÌºÌªÍiÌ¨ÍˆÍ•Ì­Í™Ì¯ÌœtÌ¶Ì¼Ì®sÌ•Ì˜Í™Í– Ì Ì«Ì BÌ»ÍÍ…Í™Í‰Ì³eÌµhÌµÌ¬Í‡Ì«Í™iÌ•Ì¹Í“Ì³Ì³Ì®ÍÌ«nÍŸdÌ´ÌªÌœÌ– ÍÌ°Í‰Ì©Í…Í‡Í™Ì²TÍ¢Í–Ì¼Í“ÌªhÍÍ“Ì®Ì»eÌ¬ÌÍ…ÌŸ Ì¤Ì¹ÌWÍÍ…Í™ÌÌÍ”Í‡aÍÍ“Í”Ì¹Ì¼Ì£lÌ´Í”Ì°Ì¤ÌŸÍ”lÌ­Ì«.Í•,11d86ea1-0100-4da3-8ee5-50abce7ad31d
183,Tiebold,Clyne,ç”°ä¸­ã•ã‚“ã«ã‚ã’ã¦ä¸‹ã•ã„,c38f7cfd-0de7-4944-8752-92ae195d7408
184,Mitchel,Spear,../../../../../../../../../../../etc/hosts,1406e557-4105-4f22-97fb-01e86ff38787
185,Menard,Rouby,testâ testâ€«,3be5d185-7ada-48d8-9564-2dd055f4f9d8
186,Basil,Di Biaggi,$1.00,f2e7891a-3d57-4805-93bf-2c9195a54576
187,Prue,Meech,Ì¦HÍÌ¬Ì¤Ì—Ì¤eÍœ ÍÌœÌ¥ÌÌ»ÍÌŸwÌ•hÌ–Ì¯Í“oÌÍ™Ì–ÍÌ±Ì® Ò‰ÌºÌ™ÌÌŸÍˆWÌ·Ì¼Ì­aÌºÌªÍiÌ¨ÍˆÍ•Ì­Í™Ì¯ÌœtÌ¶Ì¼Ì®sÌ•Ì˜Í™Í– Ì Ì«Ì BÌ»ÍÍ…Í™Í‰Ì³eÌµhÌµÌ¬Í‡Ì«Í™iÌ•Ì¹Í“Ì³Ì³Ì®ÍÌ«nÍŸdÌ´ÌªÌœÌ– ÍÌ°Í‰Ì©Í…Í‡Í™Ì²TÍ¢Í–Ì¼Í“ÌªhÍÍ“Ì®Ì»eÌ¬ÌÍ…ÌŸ Ì¤Ì¹ÌWÍÍ…Í™ÌÌÍ”Í‡aÍÍ“Í”Ì¹Ì¼Ì£lÌ´Í”Ì°Ì¤ÌŸÍ”lÌ­Ì«.Í•,0d18f4ff-0d7c-4dcb-9727-08a37cc4b028
188,Fanechka,Dales,âœ‹ğŸ¿ ğŸ’ªğŸ¿ ğŸ‘ğŸ¿ ğŸ™ŒğŸ¿ ğŸ‘ğŸ¿ ğŸ™ğŸ¿,99dedcc3-879b-4478-9891-17dea780d9ab
189,Sloane,Moggie,Ì—ÌºÍ–Ì¹Ì¯Í“TÌ±Ì¤ÍÌ¥Í‡ÍˆhÍÌ²eÍÍ“Ì¼Ì—Ì™Ì¼Ì£Í” Í‡ÌœÌ±Ì Í“ÍÍ…NÍ Í•eÌ—Ì±zÌ˜ÌÌœÌºÍ™pÌ¤ÌºÌ¹ÍÌ¯ÍšeÍœÌ Ì»Ì rÌ¨Ì¤ÍÌºÌ–Í”Ì–Ì–dÍŸÌ ÌŸÌ­Ì¬ÌiÌ¦Í–Ì©Í“Í”Ì¤aÌ Ì—Ì¬Í‰Ì™nÍœÍš Ì»ÌÌ°ÍšÍ…hÌµÍ‰iÌ³ÌvÌ¢Í‡eÍŸÌ­Í-Ò‰Ì­Ì©Ì¼Í”mÌ¤Ì­Ì«iÍ•Í‡ÌÌ¦nÌ—Í™dÌ£ÌŸ ÍÌ¯Ì²Í•oÌ¨ÌŸÌ¯Ì°Ì²Í™Ì»Ìf Í˜ÌªÌ°Ì°Ì—Ì–Ì­Ì˜cÌ¦ÍÌ²ÌÍÌ©Ì™hÌ£ÍšaÍœÌ®ÍÌŸÌ™oÌ›Ì©Ì¹ÍsÌ¤.ÌÌ Ò‰ZÌ¡Ì–ÌœÍ–Ì°Ì£Í‰ÌœaÍ¡Í–Ì°Í™Ì¬lÌ²Ì«Ì³ÍÌ©gÌ¡ÌŸÌ¼Ì±ÍšÌÌ¬Í…oÍœÌ—.ÌŸ,f6992864-567e-47e5-84c1-656858cfebf1
190,Barde,Camois,â¤ï¸ ğŸ’” ğŸ’Œ ğŸ’• ğŸ’ ğŸ’“ ğŸ’— ğŸ’– ğŸ’˜ ğŸ’ ğŸ’Ÿ ğŸ’œ ğŸ’› ğŸ’š ğŸ’™,da4331ab-828c-4051-a3d5-2519ca9adbbf
191,Octavia,McCaughey,/dev/null; touch /tmp/blns.fail ; echo,faca5411-5c30-4732-98c5-f9beeace4ca1
192,Finn,Leigh,â€‹,1af4a8ce-3dd2-4445-ba21-7eb174da58d3
193,Bartholomew,Nolder,âœ‹ğŸ¿ ğŸ’ªğŸ¿ ğŸ‘ğŸ¿ ğŸ™ŒğŸ¿ ğŸ‘ğŸ¿ ğŸ™ğŸ¿,79dba5ae-22c6-4002-bb27-daee45a7928c
194,Ashil,Ducarne,testâ testâ€«,efd176f9-337c-44ee-a19c-85510ed0904c
195,Darrel,Cullingford,â¢,abd8b9f4-1557-4446-ae1e-a08305b2dc9f
196,Ekaterina,Murtagh,Å“âˆ‘Â´Â®â€ Â¥Â¨Ë†Ã¸Ï€â€œâ€˜,ee732cba-bab1-4991-9f0d-0bafc4edeeb7
197,Bryn,Silcock,ã€€,05cc4074-b554-4639-9626-1f084197077b
198,Sheena,Botte,-1/2,e3ff0d0a-9f98-4db2-a844-c38d16eb1228
199,Belicia,Pennells,â°â´âµ,581c13c4-2683-47d1-a798-5a43d041525b
200,Magdalen,Fontenot,"__ï¾›(,_,*)",2f3de8db-02c9-466a-941e-7b2fc88de61e
201,Nicolis,Sporton,(â•¯Â°â–¡Â°ï¼‰â•¯ï¸µ â”»â”â”»)  ,d8ada669-b2ba-4960-b045-256aaa5ce3c2
202,Tristan,Baroch,() { _; } >_[$($())] { touch /tmp/blns.shellshock2.fail; },627d6496-cd68-47b1-a315-290b50e14d43
203,Lyda,Simes,() { 0; }; touch /tmp/blns.shellshock1.fail;,ca86480a-501f-4363-b8db-1581e50d93d3
204,Nellie,Beecraft,-1E02,81d2f36b-dafd-45a9-9e40-c759271dfcec
205,Antonie,Carloni,"""""",36767c4f-a45a-4631-aa55-cfb2ab5d02ae
206,Hamnet,Errigo,å’Œè£½æ¼¢èª,98422c85-21be-489e-aed7-2f8d5df4d9bc
207,Oriana,Mogey,-1,aa155b4d-ecce-4aaa-bb0f-2be53fa024bb
208,Adah,Stanlake,<img src=x onerror=alert('hi') />,6e3edfb3-831a-4b54-a874-ca7185f53a76
209,Caspar,Bayford,-1E2,9f0d8344-8fb6-4777-8e94-b0c7d38b983a
210,Glori,Reside,/dev/null; touch /tmp/blns.fail ; echo,1467d524-d2d8-4139-8274-d479d53d6c68
211,Graeme,Thacke,ãƒ‘ãƒ¼ãƒ†ã‚£ãƒ¼ã¸è¡Œã‹ãªã„ã‹,70a9d2d1-a6a9-4244-a382-2eccc327a3d8
212,Karel,Halford,ğ œğ œ±ğ ¹ğ ±“ğ ±¸ğ ²–ğ ³,fa49b2c9-4542-4d13-8ac6-230f54beddc7
213,Hailee,Haslegrave,ï»¿,b4072ce6-4c0b-45e4-a048-380cb3f3bf0b
214,Moe,Minero,../../../../../../../../../../../etc/hosts,aef9622c-2433-4db1-9b03-110c9d503f88
215,Debee,Colledge,â€«testâ€«,88e8a247-a2ab-4fa3-8e8a-6d6c78f4813c
216,Leslie,Minogue,ì‚¬íšŒê³¼í•™ì› ì–´í•™ì—°êµ¬ì†Œ,50734f64-9135-4687-a9f8-af445bf34e68
217,Fanny,Aldren,ï¼‘ï¼’ï¼“,3141a112-f98c-407b-955d-921a2dde4496
218,Cahra,Merfin,1E2,34ff5c48-e150-498d-9d26-e6c75ec6ee0b
219,Beatriz,Flips,<img src=x onerror=alert('hi') />,04fe73fc-fba0-4c28-a4ba-1aaa269c4cf7
220,Gilbert,Blower,-1/2,bc6203ca-ad50-44c7-aefb-9f559dfb0c06
221,Ferne,Matveiko,Ì¦HÍÌ¬Ì¤Ì—Ì¤eÍœ ÍÌœÌ¥ÌÌ»ÍÌŸwÌ•hÌ–Ì¯Í“oÌÍ™Ì–ÍÌ±Ì® Ò‰ÌºÌ™ÌÌŸÍˆWÌ·Ì¼Ì­aÌºÌªÍiÌ¨ÍˆÍ•Ì­Í™Ì¯ÌœtÌ¶Ì¼Ì®sÌ•Ì˜Í™Í– Ì Ì«Ì BÌ»ÍÍ…Í™Í‰Ì³eÌµhÌµÌ¬Í‡Ì«Í™iÌ•Ì¹Í“Ì³Ì³Ì®ÍÌ«nÍŸdÌ´ÌªÌœÌ– ÍÌ°Í‰Ì©Í…Í‡Í™Ì²TÍ¢Í–Ì¼Í“ÌªhÍÍ“Ì®Ì»eÌ¬ÌÍ…ÌŸ Ì¤Ì¹ÌWÍÍ…Í™ÌÌÍ”Í‡aÍÍ“Í”Ì¹Ì¼Ì£lÌ´Í”Ì°Ì¤ÌŸÍ”lÌ­Ì«.Í•,bd728a67-4b95-41c1-840a-1d58085b35a0
222,Marchelle,Maudsley,testâ testâ€«,ebafdb90-479a-4f09-ad37-8e1214040e61
223,Titus,Caldayrou,á ,7428e2e9-e1ec-4fe1-8fc0-96ecc799fc18
224,Yolanda,Catchpole,ì‚¬íšŒê³¼í•™ì› ì–´í•™ì—°êµ¬ì†Œ,2070af65-8a7d-4643-92e1-71a6f01bf89d
225,Malva,Stopford,-1,2b098da0-3cc5-4f68-9b1e-3bf8c9fad796
226,Collie,Popworth,ğŸµ ğŸ™ˆ ğŸ™‰ ğŸ™Š,35f85ff4-9e80-448e-86dd-44e741cabb95
227,Sammie,Makiver,1;DROP TABLE users,582581af-9bd7-4d49-8bf9-23040274a003
228,Caleb,Blacklawe,-1E02,c9f1a6f9-2c8c-40ae-9cc9-cb84aa11524b
229,Tania,Springall,â°â´âµâ‚€â‚â‚‚,699d385e-1675-4ce4-868d-f6d0198db188
230,Jarrett,D'Adamo,(ï¾‰à²¥ç›Šà²¥ï¼‰ï¾‰ï»¿ â”»â”â”»,4b854384-987f-48bc-a9c6-d633a097ccce
231,Charissa,Buston,1.00,06cef4f7-0ca6-4f04-a3e1-9c5623d6644e
232,Bale,Moresby,ï¾Ÿï½¥âœ¿ãƒ¾â•²(ï½¡â—•â€¿â—•ï½¡)â•±âœ¿ï½¥ï¾Ÿ,226e917e-14e8-4cbc-8436-0b0cb14ff741
233,Langston,Smallcomb,1/2,b837cefb-9f2e-46d7-88d8-1a0fa67a6d71
234,Murray,De Cruze,"Ø«Ù… Ù†ÙØ³ Ø³Ù‚Ø·Øª ÙˆØ¨Ø§Ù„ØªØ­Ø¯ÙŠØ¯ØŒ, Ø¬Ø²ÙŠØ±ØªÙŠ Ø¨Ø§Ø³ØªØ®Ø¯Ø§Ù… Ø£Ù† Ø¯Ù†Ùˆ. Ø¥Ø° Ù‡Ù†Ø§ØŸ Ø§Ù„Ø³ØªØ§Ø± ÙˆØªÙ†ØµÙŠØ¨ ÙƒØ§Ù†. Ø£Ù‡Ù‘Ù„ Ø§ÙŠØ·Ø§Ù„ÙŠØ§ØŒ Ø¨Ø±ÙŠØ·Ø§Ù†ÙŠØ§-ÙØ±Ù†Ø³Ø§ Ù‚Ø¯ Ø£Ø®Ø°. Ø³Ù„ÙŠÙ…Ø§Ù†ØŒ Ø¥ØªÙØ§Ù‚ÙŠØ© Ø¨ÙŠÙ† Ù…Ø§, ÙŠØ°ÙƒØ± Ø§Ù„Ø­Ø¯ÙˆØ¯ Ø£ÙŠ Ø¨Ø¹Ø¯, Ù…Ø¹Ø§Ù…Ù„Ø© Ø¨ÙˆÙ„Ù†Ø¯Ø§ØŒ Ø§Ù„Ø¥Ø·Ù„Ø§Ù‚ Ø¹Ù„ Ø¥ÙŠÙˆ.",e1623d50-d42d-41f1-b215-9c76395cdcfc
235,Yalonda,Fusco,../../../../../../../../../../../etc/passwd%00,b495b9ee-0b47-4ff9-8311-c928803099a8
236,Giuseppe,Lorain,ZÌ®ÌÍ…Ì Í™Í”AÌ¥Ì—ÌÍˆÌ»Ì—LÌ£Í™ÍÌ¯Ì¹ÌÍ“GÌ»OÌ­Ì—Ì®,fd8bed7a-cdc0-4976-a3cf-deb212f3bbbe
237,Lloyd,Gimson,-1E+02,5ec82a3d-a1ed-44f5-8de0-6bcbed73f74f
238,Bobbie,Buckenham,<svg><script>0<1>alert('XSS')</script>,854bcd2c-7e63-4468-b821-297802cf51d1
239,Rufus,Benedit,nil,f68eb106-f57a-4036-aa2b-852993afadd4
240,Les,Bernt,"×‘Ö¼Ö°×¨Öµ××©×Ö´×™×ª, ×‘Ö¼Ö¸×¨Ö¸× ×Ö±×œÖ¹×”Ö´×™×, ×Öµ×ª ×”Ö·×©Ö¼×Ö¸×Ö·×™Ö´×, ×•Ö°×Öµ×ª ×”Ö¸×Ö¸×¨Ö¶×¥",a54a8360-4ced-4c33-b8e4-ed9600c778c0
241,Allie,Feldmesser,$1.00,2469d71e-8e4c-457c-b298-2f22f9b28703
242,Ximenes,Blakeway,../../../../../../../../../../../etc/hosts,ec9edf39-dd36-44d7-a2cf-c010765f43e5
243,Queenie,Catanheira,ãƒ»(ï¿£âˆ€ï¿£)ãƒ»:*:,d4a3dff5-4c1d-4c1f-b687-20c3e80af256
244,Codie,Primo,1,d61321fa-8aa8-46a9-abb1-378597df4072
245,Gabriellia,Maly,00Ë™Æ–$-,93fd1656-bd94-4814-aa26-aefb1a3d7ee6
246,Alikee,Haugeh,ğŸ‘©ğŸ½,b263e052-ef85-4f4c-87e3-19ea2316cc31
247,Bertie,Gantley,ğŸ‘©ğŸ½,0d8f28f0-f96b-4a4a-8e51-d2409f7db2e9
248,Nevil,Brodeur,"'""'",c1e7223f-1e19-445e-af57-bc8cd4982506
249,Freemon,Loxly,ìš¸ë€ë°”í† ë¥´,8d19a8d2-7ab7-4405-9b85-3de98c825574
250,Annissa,Veck,"Ø«Ù… Ù†ÙØ³ Ø³Ù‚Ø·Øª ÙˆØ¨Ø§Ù„ØªØ­Ø¯ÙŠØ¯ØŒ, Ø¬Ø²ÙŠØ±ØªÙŠ Ø¨Ø§Ø³ØªØ®Ø¯Ø§Ù… Ø£Ù† Ø¯Ù†Ùˆ. Ø¥Ø° Ù‡Ù†Ø§ØŸ Ø§Ù„Ø³ØªØ§Ø± ÙˆØªÙ†ØµÙŠØ¨ ÙƒØ§Ù†. Ø£Ù‡Ù‘Ù„ Ø§ÙŠØ·Ø§Ù„ÙŠØ§ØŒ Ø¨Ø±ÙŠØ·Ø§Ù†ÙŠØ§-ÙØ±Ù†Ø³Ø§ Ù‚Ø¯ Ø£Ø®Ø°. Ø³Ù„ÙŠÙ…Ø§Ù†ØŒ Ø¥ØªÙØ§Ù‚ÙŠØ© Ø¨ÙŠÙ† Ù…Ø§, ÙŠØ°ÙƒØ± Ø§Ù„Ø­Ø¯ÙˆØ¯ Ø£ÙŠ Ø¨Ø¹Ø¯, Ù…Ø¹Ø§Ù…Ù„Ø© Ø¨ÙˆÙ„Ù†Ø¯Ø§ØŒ Ø§Ù„Ø¥Ø·Ù„Ø§Ù‚ Ø¹Ù„ Ø¥ÙŠÙˆ.",c07816f1-d9da-4770-9d3d-35950490d3e6
251,Shirlee,Petrulis,ì‚¬íšŒê³¼í•™ì› ì–´í•™ì—°êµ¬ì†Œ,65108ca6-602a-4c3b-ac0d-29ed9ff08cb4
252,Maggy,O'Scandall,â€«testâ€«,6a1a6055-e601-4353-b44d-f8b9d5d7f002
253,Trevar,Osler,â€‹,42ea8632-674d-4813-9496-f4d818ae762f
254,Cathryn,Roll,"×‘Ö¼Ö°×¨Öµ××©×Ö´×™×ª, ×‘Ö¼Ö¸×¨Ö¸× ×Ö±×œÖ¹×”Ö´×™×, ×Öµ×ª ×”Ö·×©Ö¼×Ö¸×Ö·×™Ö´×, ×•Ö°×Öµ×ª ×”Ö¸×Ö¸×¨Ö¶×¥",ece96379-ce44-418c-8863-abe08a50b016
255,Alexandre,O'Grady,Ì¡Í“Í…ÌIÍÌ—Ì˜Ì¦nÍ‡Í‡Í™vÌ®Ì«okÌ²Ì«Ì™ÍˆiÌ–Í™Ì­Ì¹Ì ÌnÌ¡Ì»Ì®Ì£ÌºgÌ²ÍˆÍ™Ì­Í™Ì¬Í Ì°tÍ”Ì¦hÌÌ²eÌ¢Ì¤ ÍÌ¬Ì²Í–fÌ´Ì˜Í•Ì£eÍ€Í–eÌ£Ì¥Ì©lÍ–Í”ÍšiÍ Í“ÍšÌ¦nÍ–ÍÌ—Í“Ì³Ì®gÍ Ì¨oÍ¡ÍšÌªfÌ˜Ì£Ì¬ Ì–Ì˜Í–ÌŸÍ™Ì®cÒ‰Í”Ì«Í–Í“Í‡Í–Í…hÌµÌ¤Ì£ÍšÍ”aÍÌ—Ì¼Í…Í•oÌ¼Ì£Ì¥sÍ¢Ì±ÍˆÌºÌ–Ì¦Ì».Ì›Ì–ÌÌ Ì«Ì°,1904380a-4d1e-41ee-a113-7f93c86f6701
256,Sherri,Rossborough,Ì¦HÍÌ¬Ì¤Ì—Ì¤eÍœ ÍÌœÌ¥ÌÌ»ÍÌŸwÌ•hÌ–Ì¯Í“oÌÍ™Ì–ÍÌ±Ì® Ò‰ÌºÌ™ÌÌŸÍˆWÌ·Ì¼Ì­aÌºÌªÍiÌ¨ÍˆÍ•Ì­Í™Ì¯ÌœtÌ¶Ì¼Ì®sÌ•Ì˜Í™Í– Ì Ì«Ì BÌ»ÍÍ…Í™Í‰Ì³eÌµhÌµÌ¬Í‡Ì«Í™iÌ•Ì¹Í“Ì³Ì³Ì®ÍÌ«nÍŸdÌ´ÌªÌœÌ– ÍÌ°Í‰Ì©Í…Í‡Í™Ì²TÍ¢Í–Ì¼Í“ÌªhÍÍ“Ì®Ì»eÌ¬ÌÍ…ÌŸ Ì¤Ì¹ÌWÍÍ…Í™ÌÌÍ”Í‡aÍÍ“Í”Ì¹Ì¼Ì£lÌ´Í”Ì°Ì¤ÌŸÍ”lÌ­Ì«.Í•,9e94de31-6e14-41bd-81e7-593e6a509982
257,Saw,Micka,<svg><script>0<1>alert('XSS')</script>,0ab58a71-1940-4fb2-9ba9-39977a1d0a7f
258,Randi,Matiebe,1/2,d151138e-ed96-48f3-b4f8-f1662b3cb224
259,Yetta,Ackermann,ç”°ä¸­ã•ã‚“ã«ã‚ã’ã¦ä¸‹ã•ã„,d5ae1f7d-3f34-4d45-8a2a-7ddf32baeaf3
260,Lovell,Glenfield,-1E02,7cd4db67-fc06-4c7c-9688-e48acbf66f77
261,Warde,Ilyenko,",ã€‚ãƒ»:*:ãƒ»ã‚œâ€™( â˜» Ï‰ â˜» )ã€‚ãƒ»:*:ãƒ»ã‚œâ€™",a5f3ca92-f7c9-4dca-8d89-0d5e0838d82c
262,Rasla,Bithany,() { 0; }; touch /tmp/blns.shellshock1.fail;,6fd122d3-7222-418a-9db2-3a1241ea1647
263,Paulina,MacGiany,Ë™Énbá´‰lÉ ÉuÆƒÉÉ¯ ÇÉ¹olop Ê‡Ç ÇÉ¹oqÉl Ê‡n Ê‡unpá´‰pá´‰É”uá´‰ É¹odÉ¯ÇÊ‡ poÉ¯sná´‰Ç op pÇs 'Ê‡á´‰lÇ Æƒuá´‰É”sá´‰dá´‰pÉ É¹nÊ‡ÇÊ‡É”ÇsuoÉ” 'Ê‡ÇÉ¯É Ê‡á´‰s É¹olop É¯nsdá´‰ É¯ÇÉ¹oË¥,c9b4b195-9ea7-4997-a652-e2bbc0c26986
264,Salaidh,Osborne,"×‘Ö¼Ö°×¨Öµ××©×Ö´×™×ª, ×‘Ö¼Ö¸×¨Ö¸× ×Ö±×œÖ¹×”Ö´×™×, ×Öµ×ª ×”Ö·×©Ö¼×Ö¸×Ö·×™Ö´×, ×•Ö°×Öµ×ª ×”Ö¸×Ö¸×¨Ö¶×¥",1a7adcc4-7d0d-4c57-ab4a-afa2eafa6fc4
265,Willow,Colloff,-1.00,bb2ed8c7-ddbd-4dd4-987b-8820440ad80a
266,Henryetta,Hammerson,ì‚¬íšŒê³¼í•™ì› ì–´í•™ì—°êµ¬ì†Œ,b0f2a7d4-1aa4-48d7-89bf-4947ab112cd7
267,Lindi,Spedroni,() { 0; }; touch /tmp/blns.shellshock1.fail;,fdcbb068-2ea7-4f95-8f9d-7446374f8a90
268,Trixy,Goodbourn,ğŸ˜,c7b56583-9998-4912-881c-d3563d2f1a27
269,Aldric,Jeste,ZÌ®ÌÍ…Ì Í™Í”AÌ¥Ì—ÌÍˆÌ»Ì—LÌ£Í™ÍÌ¯Ì¹ÌÍ“GÌ»OÌ­Ì—Ì®,d06eb0f0-cbaa-4e36-a220-8e58190e7515
270,Christyna,Giovanetti,â°â´âµ,3af975d8-180f-4f58-a031-4015ceff9878
271,Ophelia,Cheeld,<svg><script>0<1>alert('XSS')</script>,6525f66e-b93e-4216-8add-ace7bd1cfbdd
272,Ethelin,Weildish,1'; DROP TABLE users--,fffef434-33a9-4a9e-b721-e8c2386bd88a
273,Querida,Cortin,áš€,10e0997a-4ae1-44e5-95a9-b1223d18d560
274,Tammy,Beddingham,',091e2d85-7147-4b68-9ed5-f386e84fe17d
275,Deeanne,Byford,"""'""'""''''""",6da61be9-2444-44ce-8024-020551d29294
276,Lyndsey,Chillingsworth,'',4f8e006e-d208-4567-bac0-1edc2c468e78
277,Larissa,Dorgan,â€«testâ€«,ff43c29a-8bb6-4d39-ad5b-ce644175510e
278,Cordelie,Backes,<svg><script>0<1>alert('XSS')</script>,70ab8cb5-c3f5-424c-a82f-66e9d4353462
279,Chadd,Shearman,â€‹,31e670ff-3845-47df-a5d1-0a5afefc7111
280,Dorena,O'Deegan,1'; DROP TABLE users--,955ad834-b93f-4747-b5cf-7c4df3682782
281,Jerome,Banker,1.00,9bf194f5-e3cd-4c22-ad6c-b749697e8576
282,Skyler,Belding,éƒ¨è½æ ¼,d5453325-455f-4621-be58-a310e289334a
283,Ada,Goulder,-1.00,a2905312-458c-4f38-9333-8a12bab19c5d
284,Jourdain,Brearley,<script>alert('hi')</script>,63ea4192-c2f8-4266-8699-b53f4f5fed05
285,Hadley,Bernadzki,1,0727babe-2379-4ff9-92d2-008618160bab
286,Yelena,Hext,() { 0; }; touch /tmp/blns.shellshock1.fail;,10f1914b-6927-44c1-8d8c-e3791245626f
287,Paddie,Covell,NIL,4cc2e071-a5ba-4385-9616-7dcb6a11c7fa
288,Alejandro,Hazzard,âœ‹ğŸ¿ ğŸ’ªğŸ¿ ğŸ‘ğŸ¿ ğŸ™ŒğŸ¿ ğŸ‘ğŸ¿ ğŸ™ğŸ¿,42078985-12bb-4e3d-8d45-6d079f80accc
289,Rodrigo,Taunton,ğ œğ œ±ğ ¹ğ ±“ğ ±¸ğ ²–ğ ³,c4b15122-b27e-45d1-a47c-5745607c5504
290,Ervin,Rabbet,1E+02,17549a92-d17c-438b-a84a-70f9c9e1f6cb
291,Abagail,Gaitskell,"<>?:""{}|_+",a0e8ecec-d0ca-418b-929b-79f8ae4c50ed
292,Homere,Ville,<svg><script>0<1>alert('XSS')</script>,b7331de1-ecda-4128-b9de-fe7cfb0c3bac
293,Krystyna,Zettler,Ë™Énbá´‰lÉ ÉuÆƒÉÉ¯ ÇÉ¹olop Ê‡Ç ÇÉ¹oqÉl Ê‡n Ê‡unpá´‰pá´‰É”uá´‰ É¹odÉ¯ÇÊ‡ poÉ¯sná´‰Ç op pÇs 'Ê‡á´‰lÇ Æƒuá´‰É”sá´‰dá´‰pÉ É¹nÊ‡ÇÊ‡É”ÇsuoÉ” 'Ê‡ÇÉ¯É Ê‡á´‰s É¹olop É¯nsdá´‰ É¯ÇÉ¹oË¥,1f54689f-1f44-40e4-a2d9-54a07d04c180
294,Xenos,Youhill,null,89d08f8c-ba23-4447-80ca-26748e3f8532
295,Kerwinn,Cheke,Â¸Ë›Ã‡â—ŠÄ±ËœÃ‚Â¯Ë˜Â¿,c6299967-99d1-4b83-9a71-7ca2ff7f6f07
296,Nerissa,Twitchett,1/0,9476b7f6-69d0-4a1c-ab03-cfeaf2163980
297,Matilde,O'Crigane,1/2,65ba565a-e338-4f2f-becc-ceadeb16bcf9
298,Elvyn,Happer,1;DROP TABLE users,40a34317-6fca-4040-bed8-dde2af6837b7
299,Allard,Aubry,-1E02,28d73ecc-f580-4c5c-96b5-1c6d9f4ebfb7
300,Wendel,Gipp,,3f00405d-cc6a-4e07-97ef-bd272d51ea9e
301,Paolo,Fellows,-1E+02,40d08473-25cf-48f6-9918-de89845d8725
302,Evvy,Confort,Å’â€Â´â€°Ë‡ÃÂ¨Ë†Ã˜âˆâ€â€™,0827d29a-58c1-4200-a930-cc22edb44283
303,Briant,Limpertz,â€«testâ€«,4aacdad6-64e1-4c28-ada0-9a62e4ba6b90
304,Hugues,Alyoshin,Ë™Énbá´‰lÉ ÉuÆƒÉÉ¯ ÇÉ¹olop Ê‡Ç ÇÉ¹oqÉl Ê‡n Ê‡unpá´‰pá´‰É”uá´‰ É¹odÉ¯ÇÊ‡ poÉ¯sná´‰Ç op pÇs 'Ê‡á´‰lÇ Æƒuá´‰É”sá´‰dá´‰pÉ É¹nÊ‡ÇÊ‡É”ÇsuoÉ” 'Ê‡ÇÉ¯É Ê‡á´‰s É¹olop É¯nsdá´‰ É¯ÇÉ¹oË¥,fb45a2c3-c5b1-4b2a-8250-14ec8f324e9b
305,Allix,Tremelling,(ï½¡â—• âˆ€ â—•ï½¡),91efe997-875a-405e-8633-1dc6716ca852
306,Sybille,Feldmus,Ù¡Ù¢Ù£,338d9db9-985a-469c-a59c-5193207d3e89
307,Hercules,Collard,Ì¦HÍÌ¬Ì¤Ì—Ì¤eÍœ ÍÌœÌ¥ÌÌ»ÍÌŸwÌ•hÌ–Ì¯Í“oÌÍ™Ì–ÍÌ±Ì® Ò‰ÌºÌ™ÌÌŸÍˆWÌ·Ì¼Ì­aÌºÌªÍiÌ¨ÍˆÍ•Ì­Í™Ì¯ÌœtÌ¶Ì¼Ì®sÌ•Ì˜Í™Í– Ì Ì«Ì BÌ»ÍÍ…Í™Í‰Ì³eÌµhÌµÌ¬Í‡Ì«Í™iÌ•Ì¹Í“Ì³Ì³Ì®ÍÌ«nÍŸdÌ´ÌªÌœÌ– ÍÌ°Í‰Ì©Í…Í‡Í™Ì²TÍ¢Í–Ì¼Í“ÌªhÍÍ“Ì®Ì»eÌ¬ÌÍ…ÌŸ Ì¤Ì¹ÌWÍÍ…Í™ÌÌÍ”Í‡aÍÍ“Í”Ì¹Ì¼Ì£lÌ´Í”Ì°Ì¤ÌŸÍ”lÌ­Ì«.Í•,76b9222a-d704-41f7-8876-6b17d92e91b4
308,Jermaine,Randlesome,-1E2,c30a0034-8332-46d8-8990-e43bce9fd776
309,Adore,Steffens,â€©testâ€©,3f07e2ea-708d-4b9b-ab4d-b8187b3d7430
310,Suzann,Worner,â¡,7ab5fd47-6764-42c2-a5ec-546c4db58079
311,Noelle,Weben,-1.00,baaca721-2bb4-490d-9502-8b7af147cb1b
312,Nerissa,Maddrah,ğŸ‘¾ ğŸ™‡ ğŸ’ ğŸ™… ğŸ™† ğŸ™‹ ğŸ™ ğŸ™ ,9ddb57b7-9841-4ac3-9a91-74184e0632d3
313,Abigail,Duffyn,âœ‹ğŸ¿ ğŸ’ªğŸ¿ ğŸ‘ğŸ¿ ğŸ™ŒğŸ¿ ğŸ‘ğŸ¿ ğŸ™ğŸ¿,39ba136a-388d-4843-8d05-1d8307164823
314,Sharia,Rihosek,Â¸Ë›Ã‡â—ŠÄ±ËœÃ‚Â¯Ë˜Â¿,379630ac-5516-4412-94ff-95de3e543afc
315,Morgen,Chavey,â€ªâ€ªtestâ€ª,b768bd67-f7ba-4400-9107-d2c8a7ecae91
316,Katee,Beckworth,ã€€,c90a5fcc-4787-4712-ba66-3095ba3dd595
317,Alissa,Slaymaker,null,6e3a6d93-457a-493f-91db-9f31c9a79e0d
318,Cob,Stollmeier,testâ testâ€«,e3c89bb0-3521-4887-8e57-405a883e33f4
319,Culley,Kingshott,0.00,c8ca73fb-7cb7-4892-9c59-ee555334a707
320,Chic,Southwell,ZÌ®ÌÍ…Ì Í™Í”AÌ¥Ì—ÌÍˆÌ»Ì—LÌ£Í™ÍÌ¯Ì¹ÌÍ“GÌ»OÌ­Ì—Ì®,1ea90baf-d4a1-4244-9f29-338947597024
321,Conan,Avison,1;DROP TABLE users,0d19477e-f191-4843-a0ef-96deae442ee6
322,Curcio,Callen,Ì¦HÍÌ¬Ì¤Ì—Ì¤eÍœ ÍÌœÌ¥ÌÌ»ÍÌŸwÌ•hÌ–Ì¯Í“oÌÍ™Ì–ÍÌ±Ì® Ò‰ÌºÌ™ÌÌŸÍˆWÌ·Ì¼Ì­aÌºÌªÍiÌ¨ÍˆÍ•Ì­Í™Ì¯ÌœtÌ¶Ì¼Ì®sÌ•Ì˜Í™Í– Ì Ì«Ì BÌ»ÍÍ…Í™Í‰Ì³eÌµhÌµÌ¬Í‡Ì«Í™iÌ•Ì¹Í“Ì³Ì³Ì®ÍÌ«nÍŸdÌ´ÌªÌœÌ– ÍÌ°Í‰Ì©Í…Í‡Í™Ì²TÍ¢Í–Ì¼Í“ÌªhÍÍ“Ì®Ì»eÌ¬ÌÍ…ÌŸ Ì¤Ì¹ÌWÍÍ…Í™ÌÌÍ”Í‡aÍÍ“Í”Ì¹Ì¼Ì£lÌ´Í”Ì°Ì¤ÌŸÍ”lÌ­Ì«.Í•,e37b4fa2-efa4-4356-a791-f36b889ce21c
323,Jeromy,Beadles,0/0,dc802177-02d2-4c21-abd4-d07578f10225
324,Ramona,Bagg,$1.00,eced6fd2-f37e-40ca-8837-6c1c93d1bbcd
325,Marline,Ambroise,Ã…ÃÃÃËÃ“Ã”ï£¿Ã’ÃšÃ†â˜ƒ,a3428190-a585-4b94-adfa-7920bca6eca4
326,Adey,Sinkings,<img src=x onerror=alert('hi') />,831e446a-736d-4aeb-a5f8-4a0796efa79f
327,Dara,Weatherell,1/2,2a4f2fba-7ac7-4eb5-b235-221e4eec616e
328,Lotta,Vasilevich,nil,3c5867b5-f701-4c90-b8d0-a9ef8c896de0
329,Laurent,Rait,Å“âˆ‘Â´Â®â€ Â¥Â¨Ë†Ã¸Ï€â€œâ€˜,d745b29c-16eb-473a-b6fb-caf510e47c9c
330,Merv,Leadston,null,30313c1d-5c94-46ab-9f0f-91c0c2885c85
331,Xavier,Shutler,nil,448b65c8-a11c-4f90-9d8f-929bf157a5fc
332,Rosalia,Dennitts,Â¡â„¢Â£Â¢âˆÂ§Â¶â€¢ÂªÂºâ€“â‰ ,9ecc50b6-c00f-4bb6-951a-2a80f5a7e8d6
333,Gaylor,Durrant,999999999999999999999999999999999999999999999999999999999999999999999999999999999999999999999999,03f0cbeb-b29c-4249-a8ea-2f8bab8d7580
334,Gabie,Dallimare,`â„â‚¬â€¹â€ºï¬ï¬‚â€¡Â°Â·â€šâ€”Â±,a5ff8fbc-9bbe-4aa2-8222-edfe70209e45
335,Lyndsie,Horlick,Ì¡Í“Í…ÌIÍÌ—Ì˜Ì¦nÍ‡Í‡Í™vÌ®Ì«okÌ²Ì«Ì™ÍˆiÌ–Í™Ì­Ì¹Ì ÌnÌ¡Ì»Ì®Ì£ÌºgÌ²ÍˆÍ™Ì­Í™Ì¬Í Ì°tÍ”Ì¦hÌÌ²eÌ¢Ì¤ ÍÌ¬Ì²Í–fÌ´Ì˜Í•Ì£eÍ€Í–eÌ£Ì¥Ì©lÍ–Í”ÍšiÍ Í“ÍšÌ¦nÍ–ÍÌ—Í“Ì³Ì®gÍ Ì¨oÍ¡ÍšÌªfÌ˜Ì£Ì¬ Ì–Ì˜Í–ÌŸÍ™Ì®cÒ‰Í”Ì«Í–Í“Í‡Í–Í…hÌµÌ¤Ì£ÍšÍ”aÍÌ—Ì¼Í…Í•oÌ¼Ì£Ì¥sÍ¢Ì±ÍˆÌºÌ–Ì¦Ì».Ì›Ì–ÌÌ Ì«Ì°,fe25cf8d-1cd1-4961-b268-7d9a4a8ead64
336,Tiffie,Jendrassik,"""",8c7cb4bf-c394-40d2-a8fa-b94a9a50bfcf
337,Bernete,Corroyer,(ï¾‰à²¥ç›Šà²¥ï¼‰ï¾‰ï»¿ â”»â”â”»,02461253-13f9-4778-8079-b520d01e89f8
338,Stuart,MacGahy,"""",1d296a5f-ddbd-4397-9f64-8a7979c88e8d
339,Saleem,Duffus,ğŸ‘¾ ğŸ™‡ ğŸ’ ğŸ™… ğŸ™† ğŸ™‹ ğŸ™ ğŸ™ ,0628e822-61de-4a20-b3b3-943ec85f9efa
340,Olly,Feronet,NULL,14613ddb-1c6d-4701-84dd-7ab64aabcbaa
341,Irwin,Prescott,00Ë™Æ–$-,5b654520-0637-4b54-8a90-1d06b3cf58c4
342,Margeaux,Belchem,ZÌ®ÌÍ…Ì Í™Í”AÌ¥Ì—ÌÍˆÌ»Ì—LÌ£Í™ÍÌ¯Ì¹ÌÍ“GÌ»OÌ­Ì—Ì®,4ccfafb9-2ee8-46b0-b349-49a4821bc821
343,Sabina,Plampin,"'""'",67f21858-437a-4f01-9652-ad9dddab68a2
344,Kyle,Swindles,ï¼‘ï¼’ï¼“,da10b5f4-1819-43c1-97c0-6cb22ebde4c2
345,Paula,Christin,Ã¥ÃŸâˆ‚Æ’Â©Ë™âˆ†ËšÂ¬â€¦Ã¦,6b61477d-2fba-4758-9433-86c267f45c47
346,Jessey,Bordiss,ì‚¬íšŒê³¼í•™ì› ì–´í•™ì—°êµ¬ì†Œ,f5a0e8b8-7c07-4ef1-951e-66e3c61f9b34
347,Victor,Eirwin,nil,9cd91457-0543-4ad2-8ddd-59086b0136cc
348,Stanton,Chaise,(ï¾‰à²¥ç›Šà²¥ï¼‰ï¾‰ï»¿ â”»â”â”»,4926079f-da1c-4142-bfda-42db575ab5db
349,Lizbeth,Angelo,1,fdf39473-d43a-4dfe-bae6-857a28461e91
350,Bord,Robins,"'""'",7a3e0eb5-032b-4ef1-ae75-1ffcc8bcfa86
351,Elga,Pizer,â¡,9c3ad780-2752-451a-9e6a-77a53af0a153
352,Andros,Andreas,Î©â‰ˆÃ§âˆšâˆ«ËœÂµâ‰¤â‰¥Ã·,b91d051f-1a8a-4908-980e-0e66f57368fc
353,Damita,Dulton,1E02,d115e79c-9661-4a36-9b63-c1a22cb4054a
354,Shanan,Girkins,ì‚¬íšŒê³¼í•™ì› ì–´í•™ì—°êµ¬ì†Œ,48234432-348a-4c1c-9080-1f5ab64e9032
355,Dita,Gowdy,Î©â‰ˆÃ§âˆšâˆ«ËœÂµâ‰¤â‰¥Ã·,c6ca9a18-126e-4912-a67a-65f8342e5907
356,Alta,Keigher,1,89f7d903-8c8b-43a5-855f-0be6cdbf3c6a
357,Maegan,Wield,"""'""'""''''""",50add5b6-0e7b-4fb3-8ce6-8d7ccb4ac89f
358,Garth,Bulbrook,1'; DROP TABLE users--,5a037b9b-6889-4290-8fb7-bfef1ad945d5
359,Granny,Yacobsohn,testâ testâ€«,5889c9e9-c5a3-457f-97a8-57d9931b6bae
360,Alanna,Frenzel;,NULL,ae2d495c-e833-4956-b623-996e1310e895
361,Milo,Heathorn,-1.00,8bbb6c41-5c08-47d8-8e99-ce489f6fa4ac
362,Phil,Lau,testâ testâ€«,b6487dde-6300-419f-914e-a12dc4c1a4b8
363,Joby,Cramp,0.00,41ecdfd3-3416-4e0d-8008-5175f67d68f0
364,Matelda,Petken,ğŸµ ğŸ™ˆ ğŸ™‰ ğŸ™Š,b6b72c38-d065-47e1-b06c-9c44cfa70e24
365,Rubi,Moulsdall,0/0,c25326ae-c6c6-4329-8441-73466bd31f10
366,Brooks,Gherardi,Å“âˆ‘Â´Â®â€ Â¥Â¨Ë†Ã¸Ï€â€œâ€˜,5e84e2f7-a841-4bd9-bf2f-82021ea149a9
367,Thaxter,Umbers,(â•¯Â°â–¡Â°ï¼‰â•¯ï¸µ â”»â”â”»)  ,a89ca54c-f2c8-47d6-9ccf-1710c0136ab9
368,Darren,Kirkpatrick,testâ testâ€«,84624ed2-216c-411d-b9a6-eef6c04923e1
369,Forbes,Jakaway,"<>?:""{}|_+",a70fa9f0-b341-4757-b6fd-f0ce86d7e11b
370,Farrell,Broader,NULL,771ccac0-5320-42fb-9cdb-1aa6ba29f73b
371,Augusta,Yeldham,Ë™Énbá´‰lÉ ÉuÆƒÉÉ¯ ÇÉ¹olop Ê‡Ç ÇÉ¹oqÉl Ê‡n Ê‡unpá´‰pá´‰É”uá´‰ É¹odÉ¯ÇÊ‡ poÉ¯sná´‰Ç op pÇs 'Ê‡á´‰lÇ Æƒuá´‰É”sá´‰dá´‰pÉ É¹nÊ‡ÇÊ‡É”ÇsuoÉ” 'Ê‡ÇÉ¯É Ê‡á´‰s É¹olop É¯nsdá´‰ É¯ÇÉ¹oË¥,79c41230-c6d5-441f-98a1-13442f00df4f
372,Sebastien,Campsall,0ï¸âƒ£ 1ï¸âƒ£ 2ï¸âƒ£ 3ï¸âƒ£ 4ï¸âƒ£ 5ï¸âƒ£ 6ï¸âƒ£ 7ï¸âƒ£ 8ï¸âƒ£ 9ï¸âƒ£ ğŸ”Ÿ,f191b0bc-81e5-435a-ae21-5585a86ff7bd
373,Rebeka,Flowers,",ã€‚ãƒ»:*:ãƒ»ã‚œâ€™( â˜» Ï‰ â˜» )ã€‚ãƒ»:*:ãƒ»ã‚œâ€™",564c9c46-c427-4021-b174-1625361e3bd5
374,Quillan,Rigeby,â€ªâ€ªtestâ€ª,eadf5533-0885-475c-aa37-9d0d2dc97045
375,Alfy,Harwin,1,3b7b3dec-f66a-4a58-8462-dc1186465bd3
376,Dorolisa,Hulk,ï¼‘ï¼’ï¼“,7f6793f1-d4fb-4c6c-8887-00165172e311
377,Tierney,Durdle,1/2,2085652f-aef4-41b2-9c2c-3244683ce01b
378,Dallas,Lewens,1/0,bf3f32f0-66bd-4b1e-bf3d-80994e298ba2
379,Lewes,Priestland,â‚€â‚â‚‚,33612c11-aa5e-4dfc-b3b9-73d24f7c6f9b
380,Olga,Brayfield,,6e79787e-bcbc-49c1-a3eb-a54b81bf00dd
381,Budd,Dowears,1/2,18348509-06b0-4091-8b67-7fd4ae33fb1e
382,Rayner,Raymond,"__ï¾›(,_,*)",77e1f69b-1682-4860-a31b-9f4302b23a0f
383,Edmund,Nipper,ç”°ä¸­ã•ã‚“ã«ã‚ã’ã¦ä¸‹ã•ã„,621eddca-f44b-4a95-8978-0dc8f36f9797
384,Jenilee,Tourmell,ğŸ˜,60378a5b-3846-48d3-b923-7e50099dccaa
385,Cole,Domenichelli,ãƒ‘ãƒ¼ãƒ†ã‚£ãƒ¼ã¸è¡Œã‹ãªã„ã‹,8c692b5b-1b88-4b81-8a5d-15a234deef9e
386,Erminie,Trahair,Â¸Ë›Ã‡â—ŠÄ±ËœÃ‚Â¯Ë˜Â¿,7d752cbd-d52d-4e7a-8dd5-ceec1ae1cd76
387,Antonin,Skippen,TÌ•Ì­ÌºÌºoÍ Ì·iÌ²Ì¬Í‡ÌªÍ™nÌÌ—Í•vÍŸÌŸÌœÌ˜Ì¦oÌ¶Ì™Ì°Ì keÍ€ÍšÌ®ÌºÌªÌ¹Ì±Ì¤ Ì–tÍÌÍ•Ì³Ì£Ì»ÌªhÌ¼Í“Ì²Ì¦Ì³Ì˜Ì²eÍ‡Ì£Ì°Ì¦Ì¬Í Ì¢Ì¼Ì»Ì±Ì˜hÍ…ÍšÍÍ™ÌœÌ£Ì²iÌ¦Ì²Ì£Ì°Ì¤vÌ»ÍeÌºÌ­Ì³ÌªÌ°-mÌ¢iÍ…nÌ–ÌºÌÌ²Ì¯Ì°dÌµÌ¼ÌŸÍ™Ì©Ì¼Ì˜Ì³ ÌÌ¥Ì±Ì³Ì­rÌ›Ì—Ì˜eÍ™pÍ rÌ¼ÌÌ»Ì­Ì—eÍŸÌºÌ Ì£sÌ˜Í‡Ì³ÍÌÍ‰eÍœÍ‰Ì¥Ì¯ÌÌ²ÍšÌ¬nÍ€Ì¬ÍÍÌŸÌ–Í‡Ì¤tÍ˜ÍÌ¬Í…Ì¤Í“Ì¼Ì­iÌªÌ±nÍ gÌ´Í‰ ÍÍ‰Í…cÌ¬ÌŸhÍ¡aÍ˜Ì«Ì»Ì¯oÌ«ÌŸÌ–ÍÌ™ÌÍ‰sÌ—Ì¦Ì².Ì¨Ì¹ÍˆÌ£,d6385f5f-c6f2-480a-b4f7-258a957a9f05
388,Cosmo,Hellyer,ì‚¬íšŒê³¼í•™ì› ì–´í•™ì—°êµ¬ì†Œ,d77013e8-9da0-4a0c-90bc-ce76d7691ac4
389,Darsie,Pennigar,â¤ï¸ ğŸ’” ğŸ’Œ ğŸ’• ğŸ’ ğŸ’“ ğŸ’— ğŸ’– ğŸ’˜ ğŸ’ ğŸ’Ÿ ğŸ’œ ğŸ’› ğŸ’š ğŸ’™,c32d3303-13b8-4c00-8f1e-144a0bd12895
390,Renault,Merriman,ç”°ä¸­ã•ã‚“ã«ã‚ã’ã¦ä¸‹ã•ã„,7deec08a-5a3b-4e06-8019-5e10fc7a9c86
391,Fredrick,Denne,ZÌ®ÌÍ…Ì Í™Í”AÌ¥Ì—ÌÍˆÌ»Ì—LÌ£Í™ÍÌ¯Ì¹ÌÍ“GÌ»OÌ­Ì—Ì®,cd698e8a-2321-4796-8095-8460e07154a6
392,Bendite,Martland,â€‹,7122f2f6-b53e-41f4-a919-6f59c1c16f6f
393,Anastassia,Kirsch,"""""",e9d644b3-0a76-40c3-b0f0-885e2814b4be
394,Belia,Pryde,ï¼‘ï¼’ï¼“,479bd867-d0d6-42b3-87bc-1842f114c077
395,Zilvia,Echlin,1'; DROP TABLE users--,b2b01f64-56cb-41c6-b2e3-2937c3218b9c
396,Martyn,Garfield,Ë™Énbá´‰lÉ ÉuÆƒÉÉ¯ ÇÉ¹olop Ê‡Ç ÇÉ¹oqÉl Ê‡n Ê‡unpá´‰pá´‰É”uá´‰ É¹odÉ¯ÇÊ‡ poÉ¯sná´‰Ç op pÇs 'Ê‡á´‰lÇ Æƒuá´‰É”sá´‰dá´‰pÉ É¹nÊ‡ÇÊ‡É”ÇsuoÉ” 'Ê‡ÇÉ¯É Ê‡á´‰s É¹olop É¯nsdá´‰ É¯ÇÉ¹oË¥,2fad0a5e-42de-4f01-ad12-57e44377b2d8
397,Koren,Ongin,Å’â€Â´â€°Ë‡ÃÂ¨Ë†Ã˜âˆâ€â€™,b5644f2a-2cf7-4e3a-81b1-cb6a2babbeb9
398,Kendrick,Culbert,Ë™Énbá´‰lÉ ÉuÆƒÉÉ¯ ÇÉ¹olop Ê‡Ç ÇÉ¹oqÉl Ê‡n Ê‡unpá´‰pá´‰É”uá´‰ É¹odÉ¯ÇÊ‡ poÉ¯sná´‰Ç op pÇs 'Ê‡á´‰lÇ Æƒuá´‰É”sá´‰dá´‰pÉ É¹nÊ‡ÇÊ‡É”ÇsuoÉ” 'Ê‡ÇÉ¯É Ê‡á´‰s É¹olop É¯nsdá´‰ É¯ÇÉ¹oË¥,269b49a7-d929-4301-a040-18556a5bc358
399,Lalo,McEvay,Ã¥ÃŸâˆ‚Æ’Â©Ë™âˆ†ËšÂ¬â€¦Ã¦,50e96ae4-a735-46ac-9228-58f5fad5ff97
400,Sidonnie,Stonard,ã€€,76e87a97-0af6-4734-88a3-d4e5aa6c6cc1
401,Blancha,Jaan,"""""",b6336c50-1332-4732-bf90-5598bf971247
402,Allegra,Scraney,(â•¯Â°â–¡Â°ï¼‰â•¯ï¸µ â”»â”â”»)  ,6111c4ab-d460-401d-91e2-5e286f5753bf
403,Perren,Hampe,ã€€,58987df5-9232-4312-adf8-44f8adef7259
404,Iorgos,Hughlin,,5ba2cb7d-8483-44b1-bf31-9ea3d1c65b67
405,Bridget,Kenneford,1,050e89f9-a4ff-4c2b-bafe-230bfca9bd85
406,Flore,Stirrip,1.00,6c8f42f9-464b-4fca-aa7c-85a488e49d6d
407,Thor,Auguste,Ì¡Í“Í…ÌIÍÌ—Ì˜Ì¦nÍ‡Í‡Í™vÌ®Ì«okÌ²Ì«Ì™ÍˆiÌ–Í™Ì­Ì¹Ì ÌnÌ¡Ì»Ì®Ì£ÌºgÌ²ÍˆÍ™Ì­Í™Ì¬Í Ì°tÍ”Ì¦hÌÌ²eÌ¢Ì¤ ÍÌ¬Ì²Í–fÌ´Ì˜Í•Ì£eÍ€Í–eÌ£Ì¥Ì©lÍ–Í”ÍšiÍ Í“ÍšÌ¦nÍ–ÍÌ—Í“Ì³Ì®gÍ Ì¨oÍ¡ÍšÌªfÌ˜Ì£Ì¬ Ì–Ì˜Í–ÌŸÍ™Ì®cÒ‰Í”Ì«Í–Í“Í‡Í–Í…hÌµÌ¤Ì£ÍšÍ”aÍÌ—Ì¼Í…Í•oÌ¼Ì£Ì¥sÍ¢Ì±ÍˆÌºÌ–Ì¦Ì».Ì›Ì–ÌÌ Ì«Ì°,e5b3491e-380c-45d5-9079-ed8aa876b447
408,Georgena,Kulver,â£,d0beeea8-1838-433d-8621-9d4b0e8416d0
409,Rriocard,McCafferky,â€«testâ€«,f517ebd3-d5cd-4312-bbd0-9b8663be4c48
410,Neda,Ortmann,(ï½¡â—• âˆ€ â—•ï½¡),3c2b37d1-4c09-4846-b234-268ffdd2b356
411,Mortimer,Burehill,"×‘Ö¼Ö°×¨Öµ××©×Ö´×™×ª, ×‘Ö¼Ö¸×¨Ö¸× ×Ö±×œÖ¹×”Ö´×™×, ×Öµ×ª ×”Ö·×©Ö¼×Ö¸×Ö·×™Ö´×, ×•Ö°×Öµ×ª ×”Ö¸×Ö¸×¨Ö¶×¥",54618a2a-d8d1-420b-8ed4-babaa95f90c0
412,Ave,Caller,1E+02,3e293569-6393-47f4-86e6-6ab00276ece6
413,Darsie,Grinikhinov,â€©testâ€©,e769377b-8cbc-4180-93fc-eac4c68f9e5d
414,Elna,Bielefeld,-1E02,71b5fe23-70ea-4f8b-8dba-b11f9b4b4938
415,Antoni,Kainz,../../../../../../../../../../../etc/passwd%00,51080267-4ea0-4ce4-a092-86d6688db190
416,Merwin,Ladewig,ï»¿,ea1fa878-5e41-495a-b3c8-96e1428ef7a2
417,Hendrik,Mableson,0.00,ac80fb48-f556-4fb3-a3fc-0297e709e337
418,Coraline,Roycroft,ğŸ‘©ğŸ½,f55e33b7-2a13-474c-8891-3dc41848a084
419,Robinette,Vaun,"""",8c6973a6-e9ea-4d96-8b4c-4d195daba555
420,Betti,O'Donohue,â‚€â‚â‚‚,4780d6c2-4225-45d8-9c8b-de5edcb308be
421,Roxy,Gauvin,Â¡â„¢Â£Â¢âˆÂ§Â¶â€¢ÂªÂºâ€“â‰ ,201e3c53-cadb-42b6-b620-ca1ca6c7aa59
422,Maxy,Hymor,â‚€â‚â‚‚,89cdf9e9-6eda-4400-a4cb-6673ec1e6cd4
423,Ottilie,Braams,",ã€‚ãƒ»:*:ãƒ»ã‚œâ€™( â˜» Ï‰ â˜» )ã€‚ãƒ»:*:ãƒ»ã‚œâ€™",e483aaa8-69ce-4124-af80-5ca7c7fe7bea
424,Oneida,Colclough,"'""'",454565bf-6791-4ab2-87a5-f3987d0116e1
425,Bev,Malling,Ã…ÃÃÃËÃ“Ã”ï£¿Ã’ÃšÃ†â˜ƒ,50d78be2-af58-4282-b9d8-faa523e12b78
426,Charita,MacShane,Ì¦HÍÌ¬Ì¤Ì—Ì¤eÍœ ÍÌœÌ¥ÌÌ»ÍÌŸwÌ•hÌ–Ì¯Í“oÌÍ™Ì–ÍÌ±Ì® Ò‰ÌºÌ™ÌÌŸÍˆWÌ·Ì¼Ì­aÌºÌªÍiÌ¨ÍˆÍ•Ì­Í™Ì¯ÌœtÌ¶Ì¼Ì®sÌ•Ì˜Í™Í– Ì Ì«Ì BÌ»ÍÍ…Í™Í‰Ì³eÌµhÌµÌ¬Í‡Ì«Í™iÌ•Ì¹Í“Ì³Ì³Ì®ÍÌ«nÍŸdÌ´ÌªÌœÌ– ÍÌ°Í‰Ì©Í…Í‡Í™Ì²TÍ¢Í–Ì¼Í“ÌªhÍÍ“Ì®Ì»eÌ¬ÌÍ…ÌŸ Ì¤Ì¹ÌWÍÍ…Í™ÌÌÍ”Í‡aÍÍ“Í”Ì¹Ì¼Ì£lÌ´Í”Ì°Ì¤ÌŸÍ”lÌ­Ì«.Í•,8b2279f3-7f5f-4154-9664-5cb0a5680714
427,Padriac,Ipgrave,ãƒ½à¼¼àºˆÙ„Íœàºˆà¼½ï¾‰ ãƒ½à¼¼àºˆÙ„Íœàºˆà¼½ï¾‰ ,cd77cfa2-34a3-42d9-9824-17b3fce5694e
428,Kalinda,Bannell,Ù¡Ù¢Ù£,ab27159c-633c-4e0c-b2ca-7f1e00489974
429,Duffie,Arntzen,ğŸ˜,f34b5168-8768-4944-b7bb-77b61cece2ca
430,Mireille,Towndrow,nil,f934e2d2-3802-451c-a2e8-74b1dbf03a62
431,Adrianne,Jahnke,Î©â‰ˆÃ§âˆšâˆ«ËœÂµâ‰¤â‰¥Ã·,7da71866-3b6d-40a3-bd92-cc3618655283
432,Anatol,Rooksby,-1E+02,3ab7e3a3-5e24-4c27-a3a0-45948c52868b
433,Seumas,Newick,1/0,1b630269-e834-4eb5-95e5-117daf81823a
434,Reade,Rollason,(ï½¡â—• âˆ€ â—•ï½¡),a04af669-d6d3-4a3d-879b-48237d52b592
435,Lemmy,Rattenbury,ç¤¾æœƒç§‘å­¸é™¢èªå­¸ç ”ç©¶æ‰€,09e7d9e2-50ac-412d-937d-2f29fc541b7a
436,Ashlee,Chesney,âœ‹ğŸ¿ ğŸ’ªğŸ¿ ğŸ‘ğŸ¿ ğŸ™ŒğŸ¿ ğŸ‘ğŸ¿ ğŸ™ğŸ¿,2839e503-65aa-497b-92f8-9bdfc975fd25
437,Vevay,Kain,NIL,109c52d2-05bd-4cc4-810b-3c7394ce8bab
438,Oliy,Dutson,ï¾Ÿï½¥âœ¿ãƒ¾â•²(ï½¡â—•â€¿â—•ï½¡)â•±âœ¿ï½¥ï¾Ÿ,70fa7fae-5ea9-4b01-9912-7c3a7435a8f6
439,Emelyne,Farthing,1'; DROP TABLE users--,aa45670f-7a98-4f51-aa16-10ed27b19fa3
440,Babette,Dresche,ï¼‘ï¼’ï¼“,f2e13e0d-8786-462a-8e49-e2f6ffa800c4
441,Zed,Turone,Ì¡Í“Í…ÌIÍÌ—Ì˜Ì¦nÍ‡Í‡Í™vÌ®Ì«okÌ²Ì«Ì™ÍˆiÌ–Í™Ì­Ì¹Ì ÌnÌ¡Ì»Ì®Ì£ÌºgÌ²ÍˆÍ™Ì­Í™Ì¬Í Ì°tÍ”Ì¦hÌÌ²eÌ¢Ì¤ ÍÌ¬Ì²Í–fÌ´Ì˜Í•Ì£eÍ€Í–eÌ£Ì¥Ì©lÍ–Í”ÍšiÍ Í“ÍšÌ¦nÍ–ÍÌ—Í“Ì³Ì®gÍ Ì¨oÍ¡ÍšÌªfÌ˜Ì£Ì¬ Ì–Ì˜Í–ÌŸÍ™Ì®cÒ‰Í”Ì«Í–Í“Í‡Í–Í…hÌµÌ¤Ì£ÍšÍ”aÍÌ—Ì¼Í…Í•oÌ¼Ì£Ì¥sÍ¢Ì±ÍˆÌºÌ–Ì¦Ì».Ì›Ì–ÌÌ Ì«Ì°,30d75c11-9c72-4d69-b236-63164be8cd7e
442,Stevie,Ollive,-1E2,4676906e-7f14-43c4-804b-3760a665d415
443,Arlee,Woolham,Ì¡Í“Í…ÌIÍÌ—Ì˜Ì¦nÍ‡Í‡Í™vÌ®Ì«okÌ²Ì«Ì™ÍˆiÌ–Í™Ì­Ì¹Ì ÌnÌ¡Ì»Ì®Ì£ÌºgÌ²ÍˆÍ™Ì­Í™Ì¬Í Ì°tÍ”Ì¦hÌÌ²eÌ¢Ì¤ ÍÌ¬Ì²Í–fÌ´Ì˜Í•Ì£eÍ€Í–eÌ£Ì¥Ì©lÍ–Í”ÍšiÍ Í“ÍšÌ¦nÍ–ÍÌ—Í“Ì³Ì®gÍ Ì¨oÍ¡ÍšÌªfÌ˜Ì£Ì¬ Ì–Ì˜Í–ÌŸÍ™Ì®cÒ‰Í”Ì«Í–Í“Í‡Í–Í…hÌµÌ¤Ì£ÍšÍ”aÍÌ—Ì¼Í…Í•oÌ¼Ì£Ì¥sÍ¢Ì±ÍˆÌºÌ–Ì¦Ì».Ì›Ì–ÌÌ Ì«Ì°,a99b71e8-0ddb-47a1-bb29-117c030f3c3e
444,Jenda,Wingham,â€©testâ€©,758c03a6-848f-4906-9dbe-3e084babd840
445,Renata,Thames,-$1.00,fe7ce8e8-2779-4ad7-ab6e-4b01408c7425
446,Cthrine,Beaudry,â€‹,4c5992be-4db7-4268-9e51-02493906d5de
447,Randy,Aizikov,Ì¡Í“Í…ÌIÍÌ—Ì˜Ì¦nÍ‡Í‡Í™vÌ®Ì«okÌ²Ì«Ì™ÍˆiÌ–Í™Ì­Ì¹Ì ÌnÌ¡Ì»Ì®Ì£ÌºgÌ²ÍˆÍ™Ì­Í™Ì¬Í Ì°tÍ”Ì¦hÌÌ²eÌ¢Ì¤ ÍÌ¬Ì²Í–fÌ´Ì˜Í•Ì£eÍ€Í–eÌ£Ì¥Ì©lÍ–Í”ÍšiÍ Í“ÍšÌ¦nÍ–ÍÌ—Í“Ì³Ì®gÍ Ì¨oÍ¡ÍšÌªfÌ˜Ì£Ì¬ Ì–Ì˜Í–ÌŸÍ™Ì®cÒ‰Í”Ì«Í–Í“Í‡Í–Í…hÌµÌ¤Ì£ÍšÍ”aÍÌ—Ì¼Í…Í•oÌ¼Ì£Ì¥sÍ¢Ì±ÍˆÌºÌ–Ì¦Ì».Ì›Ì–ÌÌ Ì«Ì°,77a926d2-7633-4d1c-b7d3-7856b1afc12f
448,Jilleen,Fibbitts,1E02,037566f8-be86-411f-8991-f338f6b77033
449,Velvet,Tabor,Ã¥ÃŸâˆ‚Æ’Â©Ë™âˆ†ËšÂ¬â€¦Ã¦,4c3a93ed-a511-4a61-ada7-ffb028463fd5
450,Alexis,Reynoldson,NIL,ca9980af-220b-4a2f-8d36-a67e77cdb10d
451,Ophelie,Hatcliffe,testâ testâ€«,f0e5839e-ad4a-41c0-8de7-6f6194f3974f
452,Bobbette,Romera,<svg><script>0<1>alert('XSS')</script>,c7286311-cd88-4225-bd40-af492b82ff72
453,Nara,Willgrass,$1.00,3badce7e-63c2-4a30-b996-3ba918b66419
454,Freda,Nisius,<svg><script>0<1>alert('XSS')</script>,a0f35ff3-db23-4cea-918b-b143b34f1a4b
455,Lotti,Dearnaly,áš€,a8ea3174-8960-435c-8c6b-eae8f5ebfec7
456,Euell,Luna,ìš¸ë€ë°”í† ë¥´,c14e8b0f-179a-476e-87c7-c035384d2d6b
457,Tammi,Aldhouse,-1,e1709210-70f7-4387-a41e-ceba622d4b0f
458,Melisandra,Haggish,Å’â€Â´â€°Ë‡ÃÂ¨Ë†Ã˜âˆâ€â€™,1fd1fb80-d928-4cd0-ae31-3176cd8a6935
459,Christine,Teresia,Â¸Ë›Ã‡â—ŠÄ±ËœÃ‚Â¯Ë˜Â¿,318ce323-53f8-482a-b351-91fd65daba65
460,Kassia,Durgan,"""""",fd8148ec-8d65-4171-bd7d-08dd1b236616
461,Neils,Critzen,TÌ•Ì­ÌºÌºoÍ Ì·iÌ²Ì¬Í‡ÌªÍ™nÌÌ—Í•vÍŸÌŸÌœÌ˜Ì¦oÌ¶Ì™Ì°Ì keÍ€ÍšÌ®ÌºÌªÌ¹Ì±Ì¤ Ì–tÍÌÍ•Ì³Ì£Ì»ÌªhÌ¼Í“Ì²Ì¦Ì³Ì˜Ì²eÍ‡Ì£Ì°Ì¦Ì¬Í Ì¢Ì¼Ì»Ì±Ì˜hÍ…ÍšÍÍ™ÌœÌ£Ì²iÌ¦Ì²Ì£Ì°Ì¤vÌ»ÍeÌºÌ­Ì³ÌªÌ°-mÌ¢iÍ…nÌ–ÌºÌÌ²Ì¯Ì°dÌµÌ¼ÌŸÍ™Ì©Ì¼Ì˜Ì³ ÌÌ¥Ì±Ì³Ì­rÌ›Ì—Ì˜eÍ™pÍ rÌ¼ÌÌ»Ì­Ì—eÍŸÌºÌ Ì£sÌ˜Í‡Ì³ÍÌÍ‰eÍœÍ‰Ì¥Ì¯ÌÌ²ÍšÌ¬nÍ€Ì¬ÍÍÌŸÌ–Í‡Ì¤tÍ˜ÍÌ¬Í…Ì¤Í“Ì¼Ì­iÌªÌ±nÍ gÌ´Í‰ ÍÍ‰Í…cÌ¬ÌŸhÍ¡aÍ˜Ì«Ì»Ì¯oÌ«ÌŸÌ–ÍÌ™ÌÍ‰sÌ—Ì¦Ì².Ì¨Ì¹ÍˆÌ£,8340bd84-e644-4e93-a18d-178917381b81
462,Bentley,Riolfo,Â¡â„¢Â£Â¢âˆÂ§Â¶â€¢ÂªÂºâ€“â‰ ,6aeb6cfe-59ba-4d6f-b63f-cf0c960a8c09
463,Jeff,Glackin,Î©â‰ˆÃ§âˆšâˆ«ËœÂµâ‰¤â‰¥Ã·,c8add9e9-aa81-4f66-8fad-7d9ebbdcefd8
464,Carena,Jarrold,-1/2,13642098-62f5-4e67-a59d-a206efc327d0
465,Mal,Gillian,Ã…ÃÃÃËÃ“Ã”ï£¿Ã’ÃšÃ†â˜ƒ,7b743513-f763-4bd9-a711-69d1e1e6bb9e
466,Nanni,Shemilt,Ã¥ÃŸâˆ‚Æ’Â©Ë™âˆ†ËšÂ¬â€¦Ã¦,cab1c3d0-b4f1-4705-8fe0-8f2d5abdcb4f
467,Orazio,Greger,Å’â€Â´â€°Ë‡ÃÂ¨Ë†Ã˜âˆâ€â€™,26c4b419-7521-4f6d-ade4-0baaf41bb9d4
468,Lonnie,Papworth,Ã¥ÃŸâˆ‚Æ’Â©Ë™âˆ†ËšÂ¬â€¦Ã¦,d79482fb-33af-478d-9b0c-1511917c9320
469,Juli,Montel,Ì¡Í“Í…ÌIÍÌ—Ì˜Ì¦nÍ‡Í‡Í™vÌ®Ì«okÌ²Ì«Ì™ÍˆiÌ–Í™Ì­Ì¹Ì ÌnÌ¡Ì»Ì®Ì£ÌºgÌ²ÍˆÍ™Ì­Í™Ì¬Í Ì°tÍ”Ì¦hÌÌ²eÌ¢Ì¤ ÍÌ¬Ì²Í–fÌ´Ì˜Í•Ì£eÍ€Í–eÌ£Ì¥Ì©lÍ–Í”ÍšiÍ Í“ÍšÌ¦nÍ–ÍÌ—Í“Ì³Ì®gÍ Ì¨oÍ¡ÍšÌªfÌ˜Ì£Ì¬ Ì–Ì˜Í–ÌŸÍ™Ì®cÒ‰Í”Ì«Í–Í“Í‡Í–Í…hÌµÌ¤Ì£ÍšÍ”aÍÌ—Ì¼Í…Í•oÌ¼Ì£Ì¥sÍ¢Ì±ÍˆÌºÌ–Ì¦Ì».Ì›Ì–ÌÌ Ì«Ì°,31456734-5c93-4e3b-9dd9-76bb01a8818b
470,Amy,Fallow,/dev/null; touch /tmp/blns.fail ; echo,222e33f4-c67f-4f33-bee9-564c587c017e
471,Gerrilee,Tayt,Ã…ÃÃÃËÃ“Ã”ï£¿Ã’ÃšÃ†â˜ƒ,8d025033-bd07-4c3b-b728-710356bca83d
472,Fidelio,Ruit,testâ testâ€«,0617bfd4-df05-4672-a20f-b23a447b1fc1
473,Morena,Janisson,Î©â‰ˆÃ§âˆšâˆ«ËœÂµâ‰¤â‰¥Ã·,82c6bc76-fe98-41e0-a98e-26d35fa0e71f
474,Inglis,Crossland,×”Ö¸×™Ö°×ªÖ¸×”testØ§Ù„ØµÙØ­Ø§Øª Ø§Ù„ØªÙ‘Ø­ÙˆÙ„,f9010a7d-90aa-42c5-b158-d43778d9fae3
475,Ben,Fairnie,../../../../../../../../../../../etc/passwd%00,6185405b-db40-45ea-ac11-c1164635f09c
476,Margalo,Bulloch,Â¡â„¢Â£Â¢âˆÂ§Â¶â€¢ÂªÂºâ€“â‰ ,fb105b8a-1095-4cab-88ba-045915bb08fd
477,Noelani,Slainey,-1/2,32692585-6e2f-40e7-a974-bd892f861ea0
478,Wynn,Carmen,<svg><script>0<1>alert('XSS')</script>,079bcc33-a695-42ef-812f-1f1228432f84
479,Elmer,Bonsul,â°â´âµ,40eb4479-8567-4123-8428-3be03673d023
480,Myer,Medcraft,ğŸµ ğŸ™ˆ ğŸ™‰ ğŸ™Š,88a22d65-4ed8-4c3a-95d0-0f48e5cd7afd
481,Maybelle,Halligan,!@#$%^&*(),1a80e585-a1cd-4a7d-82e7-073e24973cb1
482,Isabelita,Large,å’Œè£½æ¼¢èª,14f158d5-3a78-4f23-89af-7bb7bf574431
483,Wolfie,Fargie,1E+02,70f875db-84c5-42ae-9bd3-af0c64b73f9c
484,Petronille,Durn,",ã€‚ãƒ»:*:ãƒ»ã‚œâ€™( â˜» Ï‰ â˜» )ã€‚ãƒ»:*:ãƒ»ã‚œâ€™",b60e05cf-04f6-435a-99d7-1af2652c6641
485,Ivor,Delgado,ì‚¬íšŒê³¼í•™ì› ì–´í•™ì—°êµ¬ì†Œ,80d6e157-1c54-4d7a-95ec-80b17ec64ede
486,Rawley,Eglese,ğŸµ ğŸ™ˆ ğŸ™‰ ğŸ™Š,78ef90c5-e070-4e97-9a2b-f00f83fc4f71
487,Roxy,Basant,"""'""'""''''""",04bcc767-ae40-444f-b9b8-3a8c1bb3251d
488,Gaven,Scholcroft,â€‹,564291e6-b8ca-473c-8898-b1571dbb7a9f
489,Curt,Haggus,Ì—ÌºÍ–Ì¹Ì¯Í“TÌ±Ì¤ÍÌ¥Í‡ÍˆhÍÌ²eÍÍ“Ì¼Ì—Ì™Ì¼Ì£Í” Í‡ÌœÌ±Ì Í“ÍÍ…NÍ Í•eÌ—Ì±zÌ˜ÌÌœÌºÍ™pÌ¤ÌºÌ¹ÍÌ¯ÍšeÍœÌ Ì»Ì rÌ¨Ì¤ÍÌºÌ–Í”Ì–Ì–dÍŸÌ ÌŸÌ­Ì¬ÌiÌ¦Í–Ì©Í“Í”Ì¤aÌ Ì—Ì¬Í‰Ì™nÍœÍš Ì»ÌÌ°ÍšÍ…hÌµÍ‰iÌ³ÌvÌ¢Í‡eÍŸÌ­Í-Ò‰Ì­Ì©Ì¼Í”mÌ¤Ì­Ì«iÍ•Í‡ÌÌ¦nÌ—Í™dÌ£ÌŸ ÍÌ¯Ì²Í•oÌ¨ÌŸÌ¯Ì°Ì²Í™Ì»Ìf Í˜ÌªÌ°Ì°Ì—Ì–Ì­Ì˜cÌ¦ÍÌ²ÌÍÌ©Ì™hÌ£ÍšaÍœÌ®ÍÌŸÌ™oÌ›Ì©Ì¹ÍsÌ¤.ÌÌ Ò‰ZÌ¡Ì–ÌœÍ–Ì°Ì£Í‰ÌœaÍ¡Í–Ì°Í™Ì¬lÌ²Ì«Ì³ÍÌ©gÌ¡ÌŸÌ¼Ì±ÍšÌÌ¬Í…oÍœÌ—.ÌŸ,e0182c3d-6c6e-4625-948e-a1e04a548a1a
490,Angelle,Zotto,â°â´âµ,15c742a9-1757-4fb8-9e43-6236408768eb
491,Gabby,Blaymires,"Ø«Ù… Ù†ÙØ³ Ø³Ù‚Ø·Øª ÙˆØ¨Ø§Ù„ØªØ­Ø¯ÙŠØ¯ØŒ, Ø¬Ø²ÙŠØ±ØªÙŠ Ø¨Ø§Ø³ØªØ®Ø¯Ø§Ù… Ø£Ù† Ø¯Ù†Ùˆ. Ø¥Ø° Ù‡Ù†Ø§ØŸ Ø§Ù„Ø³ØªØ§Ø± ÙˆØªÙ†ØµÙŠØ¨ ÙƒØ§Ù†. Ø£Ù‡Ù‘Ù„ Ø§ÙŠØ·Ø§Ù„ÙŠØ§ØŒ Ø¨Ø±ÙŠØ·Ø§Ù†ÙŠØ§-ÙØ±Ù†Ø³Ø§ Ù‚Ø¯ Ø£Ø®Ø°. Ø³Ù„ÙŠÙ…Ø§Ù†ØŒ Ø¥ØªÙØ§Ù‚ÙŠØ© Ø¨ÙŠÙ† Ù…Ø§, ÙŠØ°ÙƒØ± Ø§Ù„Ø­Ø¯ÙˆØ¯ Ø£ÙŠ Ø¨Ø¹Ø¯, Ù…Ø¹Ø§Ù…Ù„Ø© Ø¨ÙˆÙ„Ù†Ø¯Ø§ØŒ Ø§Ù„Ø¥Ø·Ù„Ø§Ù‚ Ø¹Ù„ Ø¥ÙŠÙˆ.",8e726a54-2f30-4ad6-b782-09d3dfe0f289
492,Myrah,Willbond,áš€,d22e0c12-dee7-4a9c-93dc-e16b826c0d75
493,Jose,Tatchell,â°â´âµ,f5189654-31af-44c0-adf0-47ae3f553a46
494,Annadiana,Beddall,ï½€ï½¨(Â´âˆ€ï½€âˆ©,033197b1-c34e-49f3-80c6-e25f2f3a4f7b
495,Jim,Fenech,-1.00,0498c0de-53a1-4d27-a9a5-2999488c51dc
496,Bengt,Beeckx,`â„â‚¬â€¹â€ºï¬ï¬‚â€¡Â°Â·â€šâ€”Â±,a5d12478-01b7-43ca-864d-62252b5257ad
497,Sylvan,Parffrey,<svg><script>0<1>alert('XSS')</script>,789207c4-7171-4d0e-baa6-27db792386af
498,Pauletta,Epton,/dev/null; touch /tmp/blns.fail ; echo,34984dd7-78ee-4c84-9629-9d6ea946d950
499,Melba,Ollington,nil,3c61702a-50f8-4028-88a9-069e53a96587
500,Rayshell,Forrestill,../../../../../../../../../../../etc/passwd%00,751ef29c-96f5-4a02-97e4-19dc1ea901ef
501,Austin,Storrar,Ù¡Ù¢Ù£,225eb924-6fa6-4b4d-89b2-9473647b0397
502,Mattie,Godrich,â‚€â‚â‚‚,1a3378c6-a0a1-41ba-a83e-325c17b15bba
503,Jonah,Skoggings,ãƒ½à¼¼àºˆÙ„Íœàºˆà¼½ï¾‰ ãƒ½à¼¼àºˆÙ„Íœàºˆà¼½ï¾‰ ,e3323187-9bed-447e-86b8-73e7f2085e91
504,Beryle,McCumskay,éƒ¨è½æ ¼,3d5bc65e-df0d-4796-8571-9b16e4dc72c3
505,Archie,Hallex,1;DROP TABLE users,905ca8fb-f6fb-41b9-805a-9a4b4590e8d6
506,Israel,Follows,ğŸµ ğŸ™ˆ ğŸ™‰ ğŸ™Š,36fa4a2d-d886-4b0f-afc0-64defa59a219
507,Deeann,Erskine,ç¤¾æœƒç§‘å­¸é™¢èªå­¸ç ”ç©¶æ‰€,9b964121-a573-4ff4-9954-d2a86b45c1ed
508,Peggy,Arnaez,<svg><script>0<1>alert('XSS')</script>,92a9b25e-4051-435f-8f3e-ca9f316c6dc5
509,Rosamond,Champness,ğŸ‘¾ ğŸ™‡ ğŸ’ ğŸ™… ğŸ™† ğŸ™‹ ğŸ™ ğŸ™ ,f5d6c8e6-c0d4-4aff-89a2-85faf463981f
510,Elmo,Fleckness,áš€,731bde6c-6282-42a9-abfd-ce608f026dd6
511,Letty,Elliot,Ì¦HÍÌ¬Ì¤Ì—Ì¤eÍœ ÍÌœÌ¥ÌÌ»ÍÌŸwÌ•hÌ–Ì¯Í“oÌÍ™Ì–ÍÌ±Ì® Ò‰ÌºÌ™ÌÌŸÍˆWÌ·Ì¼Ì­aÌºÌªÍiÌ¨ÍˆÍ•Ì­Í™Ì¯ÌœtÌ¶Ì¼Ì®sÌ•Ì˜Í™Í– Ì Ì«Ì BÌ»ÍÍ…Í™Í‰Ì³eÌµhÌµÌ¬Í‡Ì«Í™iÌ•Ì¹Í“Ì³Ì³Ì®ÍÌ«nÍŸdÌ´ÌªÌœÌ– ÍÌ°Í‰Ì©Í…Í‡Í™Ì²TÍ¢Í–Ì¼Í“ÌªhÍÍ“Ì®Ì»eÌ¬ÌÍ…ÌŸ Ì¤Ì¹ÌWÍÍ…Í™ÌÌÍ”Í‡aÍÍ“Í”Ì¹Ì¼Ì£lÌ´Í”Ì°Ì¤ÌŸÍ”lÌ­Ì«.Í•,69d80d75-f412-434c-96a0-291830de2759
512,Miranda,Demicoli,â°â´âµ,4e4a382b-07f5-406c-855e-5d968bea2ffd
513,Lavena,Cottey,"<>?:""{}|_+",17276674-f411-4cd0-9d63-f91500a9750a
514,Pam,Sargood,1,e83071cd-1a41-47f3-b6a4-3d73f28e0390
515,Donnajean,Saipy,-1E2,c5834851-5b84-4341-9d3e-c2347561d6c9
516,Perry,Somerfield,â¢,176028a4-3325-4c47-a672-892cd0138df5
517,Lacy,Bartoli,1'; DROP TABLE users--,b3241d7d-a8e4-4a3e-ad69-7f192a6e9095
518,Raquela,Prendiville,`â„â‚¬â€¹â€ºï¬ï¬‚â€¡Â°Â·â€šâ€”Â±,4737ae9b-dd1b-4f42-b47c-bae6a6161c1a
519,Ruben,Lanfare,"""''''""'""",dff3dbae-06b0-4a97-aa45-779bd3c5faa9
520,Dianne,Skein,ã€€,71916722-92a3-48fd-98d7-22250aa82d65
521,Coreen,Adshede,null,20ac2ff1-f54f-43d2-8329-35c4541f4660
522,Ericha,Reen,ìš¸ë€ë°”í† ë¥´,7a28cb78-19aa-4afd-84d5-fcf154092431
523,Ignazio,Thomelin,() { _; } >_[$($())] { touch /tmp/blns.shellshock2.fail; },8c8c0139-3c2e-46dd-be7c-8fb3deca3fcf
524,Kimberly,Starrs,-1E02,3e908e84-22b7-4d2b-b1a7-ad46fc5ddaf1
525,Bethina,Pharrow,"""'""'""''''""",3b430c51-226c-4c26-abdb-66e55783cb32
526,Edsel,Haggarth,00Ë™Æ–$-,7396fd5c-d2c1-4a62-a44d-0ea9f6b180a8
527,Tansy,Brussels,-1E+02,ee830722-a236-4348-a63a-528bf4764f53
528,Annalise,Scroggins,ğŸµ ğŸ™ˆ ğŸ™‰ ğŸ™Š,fa6e4ed1-ed31-4cdf-b510-54001d3b8ba9
529,Emily,Panons,nil,37694aa5-d1bc-4ce2-8256-f7733909c30b
530,Renell,Kochel,â€«testâ€«,c64f8374-95f8-4ba9-a10b-30901e5b5cd6
531,Elliott,Tumayan,$1.00,f1b88a97-69bf-4a19-bed8-752ce9dcab25
532,Sarah,Killock,<svg><script>0<1>alert('XSS')</script>,d522f1b1-77cb-4f56-bf34-31b306c9555a
533,Efrem,Giannassi,-$1.00,5eb944ae-d8ed-4392-83a0-bc578f4ae821
534,Eldon,Kinloch,1,32453331-9430-405e-8a1a-bfd88338e0f2
535,Enriqueta,Bywaters,ç”°ä¸­ã•ã‚“ã«ã‚ã’ã¦ä¸‹ã•ã„,f34db01e-71a6-4732-948a-c26af50f17ac
536,Masha,Paolazzi,â¤ï¸ ğŸ’” ğŸ’Œ ğŸ’• ğŸ’ ğŸ’“ ğŸ’— ğŸ’– ğŸ’˜ ğŸ’ ğŸ’Ÿ ğŸ’œ ğŸ’› ğŸ’š ğŸ’™,9893793c-e111-43b2-a833-feaae298b587
537,Simonne,Dunan,`â„â‚¬â€¹â€ºï¬ï¬‚â€¡Â°Â·â€šâ€”Â±,54113d89-88b4-450d-bc60-5ceba222adc9
538,Palmer,Netting,"""''''""'""",dbc5195b-6c97-4460-a0a4-cfab26c8c38d
539,Caldwell,Rowthorn,"__ï¾›(,_,*)",bc570b45-0a63-4e37-8286-2b625401c983
540,Colver,Rotge,ç”°ä¸­ã•ã‚“ã«ã‚ã’ã¦ä¸‹ã•ã„,2482c01f-c90b-43de-828e-fc939fbbb0b9
541,Maren,Ahearne,-1,f9fe3403-88ae-4dbe-b603-4877db8222b0
542,Alexander,Bleasdale,"""",f9ae26ac-581c-4bef-8358-1751d3263f14
543,Katrinka,Adolfsen,../../../../../../../../../../../etc/hosts,86fad692-7b05-450d-adae-c3f12f03034f
544,Dorena,Bilton,áš€,648348fe-71db-4165-a0db-eb69b69f08d9
545,Melvyn,Richemont,"'""'",64d95a92-bfa3-455f-b287-8545a28251bc
546,Chalmers,Road,1'; DROP TABLE users--,82282fc6-26b7-41ff-9bba-017451738e6a
547,Pier,Mitcheson,-1E02,e038ec91-1f98-4a02-a553-729f13ec7a2f
548,Sayer,Manz,(â•¯Â°â–¡Â°ï¼‰â•¯ï¸µ â”»â”â”»)  ,36766dae-7a9e-4b7d-88a2-4c57e3cd7cd9
549,Marena,Growden,Å’â€Â´â€°Ë‡ÃÂ¨Ë†Ã˜âˆâ€â€™,9f47b688-a085-4878-86fa-8e77e08d0fdb
550,My,Wiggett,-1/2,ac498734-e770-4add-81d3-d8fbda557071
551,Alexander,Hutchcraft,Ë™Énbá´‰lÉ ÉuÆƒÉÉ¯ ÇÉ¹olop Ê‡Ç ÇÉ¹oqÉl Ê‡n Ê‡unpá´‰pá´‰É”uá´‰ É¹odÉ¯ÇÊ‡ poÉ¯sná´‰Ç op pÇs 'Ê‡á´‰lÇ Æƒuá´‰É”sá´‰dá´‰pÉ É¹nÊ‡ÇÊ‡É”ÇsuoÉ” 'Ê‡ÇÉ¯É Ê‡á´‰s É¹olop É¯nsdá´‰ É¯ÇÉ¹oË¥,fa9b797c-2a19-42e0-8efe-f398d0361c24
552,Farris,Krol,ìš¸ë€ë°”í† ë¥´,315dada7-2420-4684-a03a-f41c49b83ff8
553,Charmion,Spencer,Ì¦HÍÌ¬Ì¤Ì—Ì¤eÍœ ÍÌœÌ¥ÌÌ»ÍÌŸwÌ•hÌ–Ì¯Í“oÌÍ™Ì–ÍÌ±Ì® Ò‰ÌºÌ™ÌÌŸÍˆWÌ·Ì¼Ì­aÌºÌªÍiÌ¨ÍˆÍ•Ì­Í™Ì¯ÌœtÌ¶Ì¼Ì®sÌ•Ì˜Í™Í– Ì Ì«Ì BÌ»ÍÍ…Í™Í‰Ì³eÌµhÌµÌ¬Í‡Ì«Í™iÌ•Ì¹Í“Ì³Ì³Ì®ÍÌ«nÍŸdÌ´ÌªÌœÌ– ÍÌ°Í‰Ì©Í…Í‡Í™Ì²TÍ¢Í–Ì¼Í“ÌªhÍÍ“Ì®Ì»eÌ¬ÌÍ…ÌŸ Ì¤Ì¹ÌWÍÍ…Í™ÌÌÍ”Í‡aÍÍ“Í”Ì¹Ì¼Ì£lÌ´Í”Ì°Ì¤ÌŸÍ”lÌ­Ì«.Í•,8958d20d-c51d-4f27-ae74-975a58e54729
554,Aguistin,Gottelier,-1,9ef3db18-dca6-4607-b124-9f16978f178e
555,Orson,Bellard,ï¼‘ï¼’ï¼“,b69e3031-63f8-4919-8e3c-b326642b89b8
556,Neely,Vautin,â€‹,93be9888-0f88-4c49-8264-878e1093c438
557,Viv,Mattiazzo,â¢,78cf1c7b-881d-4a90-a06f-2cc9db77f494
558,Kandy,Edscer,Ã…ÃÃÃËÃ“Ã”ï£¿Ã’ÃšÃ†â˜ƒ,866aa447-e49b-440e-93fa-eb0c4579e11c
559,Lauren,Edrich,1;DROP TABLE users,cd0adc01-f2fd-4f4e-87b8-7c7189adbec2
560,Griffy,Degnen,ï¼‘ï¼’ï¼“,43512f9a-c087-452b-9bb6-c26752dcfd57
561,Tito,Geggus,-$1.00,bae9dd16-2a0c-4aac-ba16-19d2ba037af4
562,Alexi,Rawne,ï¾Ÿï½¥âœ¿ãƒ¾â•²(ï½¡â—•â€¿â—•ï½¡)â•±âœ¿ï½¥ï¾Ÿ,86b7d2a8-3072-47e9-9b45-be7d5c1e3131
563,Flinn,Pottie,`â„â‚¬â€¹â€ºï¬ï¬‚â€¡Â°Â·â€šâ€”Â±,ea450ad5-8a10-4e00-92c4-3f1a9fdf6d8a
564,Reynard,Verick,0/0,9741e95e-3789-474f-acf8-9e3b12d476ba
565,Raeann,Battey,â€©testâ€©,75c4d810-b174-444b-ab73-16103eb37236
566,Katlin,Molan,-1.00,7471f51c-9a83-4364-96f6-99af3d220f4e
567,Aubine,Carroll,1,64b8971a-7a7c-4ea9-97d9-63f4c50afe34
568,Willard,MacCleay,-1E+02,c54a924e-eee9-467f-941d-30b04cb9c804
569,Walliw,Harflete,1'; DROP TABLE users--,1b46e475-07d5-4a0a-9fba-dbe8caf33b57
570,Jude,Bussen,(ï¾‰à²¥ç›Šà²¥ï¼‰ï¾‰ï»¿ â”»â”â”»,b30a6ae4-652b-49bd-8f23-0ed2d4e0fef0
571,Lexi,Darragon,-1/2,266b32a4-c462-4288-9b04-f37e8a45a9af
572,Gaye,McTerry,ì‚¬íšŒê³¼í•™ì› ì–´í•™ì—°êµ¬ì†Œ,980bd5a3-f83a-4dcb-8192-9eca760894db
573,Morgan,Frounks,áš€,cb064871-ce77-4ab1-9641-cbb3a3bf6e48
574,Clotilda,Ouslem,×”Ö¸×™Ö°×ªÖ¸×”testØ§Ù„ØµÙØ­Ø§Øª Ø§Ù„ØªÙ‘Ø­ÙˆÙ„,408cafa4-96ba-425e-915f-baa4d707d9b3
575,Maggie,Curgenven,Ì—ÌºÍ–Ì¹Ì¯Í“TÌ±Ì¤ÍÌ¥Í‡ÍˆhÍÌ²eÍÍ“Ì¼Ì—Ì™Ì¼Ì£Í” Í‡ÌœÌ±Ì Í“ÍÍ…NÍ Í•eÌ—Ì±zÌ˜ÌÌœÌºÍ™pÌ¤ÌºÌ¹ÍÌ¯ÍšeÍœÌ Ì»Ì rÌ¨Ì¤ÍÌºÌ–Í”Ì–Ì–dÍŸÌ ÌŸÌ­Ì¬ÌiÌ¦Í–Ì©Í“Í”Ì¤aÌ Ì—Ì¬Í‰Ì™nÍœÍš Ì»ÌÌ°ÍšÍ…hÌµÍ‰iÌ³ÌvÌ¢Í‡eÍŸÌ­Í-Ò‰Ì­Ì©Ì¼Í”mÌ¤Ì­Ì«iÍ•Í‡ÌÌ¦nÌ—Í™dÌ£ÌŸ ÍÌ¯Ì²Í•oÌ¨ÌŸÌ¯Ì°Ì²Í™Ì»Ìf Í˜ÌªÌ°Ì°Ì—Ì–Ì­Ì˜cÌ¦ÍÌ²ÌÍÌ©Ì™hÌ£ÍšaÍœÌ®ÍÌŸÌ™oÌ›Ì©Ì¹ÍsÌ¤.ÌÌ Ò‰ZÌ¡Ì–ÌœÍ–Ì°Ì£Í‰ÌœaÍ¡Í–Ì°Í™Ì¬lÌ²Ì«Ì³ÍÌ©gÌ¡ÌŸÌ¼Ì±ÍšÌÌ¬Í…oÍœÌ—.ÌŸ,be5942cf-8a78-4f05-b2e4-bc0e01689233
576,Cinda,Tansill,ZÌ®ÌÍ…Ì Í™Í”AÌ¥Ì—ÌÍˆÌ»Ì—LÌ£Í™ÍÌ¯Ì¹ÌÍ“GÌ»OÌ­Ì—Ì®,94c3c176-9c8a-4b10-b3a4-38546811fb18
577,Dominique,Taggart,Î©â‰ˆÃ§âˆšâˆ«ËœÂµâ‰¤â‰¥Ã·,ee6521c7-60a7-445c-bba8-bf7589b3b95c
578,Dina,Greenalf,(â•¯Â°â–¡Â°ï¼‰â•¯ï¸µ â”»â”â”»)  ,91153d94-1750-4b09-ae85-f72df7c8f8ac
579,Janith,Pheasey,á ,7a2e4ec7-6cd1-445f-a82c-a6ae23039168
580,Fidelity,Giller,Ù¡Ù¢Ù£,7d557736-1b02-46c4-9931-d2dee399738f
581,Dex,Gallienne,../../../../../../../../../../../etc/passwd%00,584ef1a8-9438-43ec-929e-3e637b0f1b5f
582,Amberly,Bosher,ğŸ‘¾ ğŸ™‡ ğŸ’ ğŸ™… ğŸ™† ğŸ™‹ ğŸ™ ğŸ™ ,e65c516a-2209-40e7-b9d7-f86bf7a1e7e3
583,Wren,Mildner,ğŸ˜,226757e1-3617-4308-9b3d-666888ea7243
584,Catriona,Mounch,TÌ•Ì­ÌºÌºoÍ Ì·iÌ²Ì¬Í‡ÌªÍ™nÌÌ—Í•vÍŸÌŸÌœÌ˜Ì¦oÌ¶Ì™Ì°Ì keÍ€ÍšÌ®ÌºÌªÌ¹Ì±Ì¤ Ì–tÍÌÍ•Ì³Ì£Ì»ÌªhÌ¼Í“Ì²Ì¦Ì³Ì˜Ì²eÍ‡Ì£Ì°Ì¦Ì¬Í Ì¢Ì¼Ì»Ì±Ì˜hÍ…ÍšÍÍ™ÌœÌ£Ì²iÌ¦Ì²Ì£Ì°Ì¤vÌ»ÍeÌºÌ­Ì³ÌªÌ°-mÌ¢iÍ…nÌ–ÌºÌÌ²Ì¯Ì°dÌµÌ¼ÌŸÍ™Ì©Ì¼Ì˜Ì³ ÌÌ¥Ì±Ì³Ì­rÌ›Ì—Ì˜eÍ™pÍ rÌ¼ÌÌ»Ì­Ì—eÍŸÌºÌ Ì£sÌ˜Í‡Ì³ÍÌÍ‰eÍœÍ‰Ì¥Ì¯ÌÌ²ÍšÌ¬nÍ€Ì¬ÍÍÌŸÌ–Í‡Ì¤tÍ˜ÍÌ¬Í…Ì¤Í“Ì¼Ì­iÌªÌ±nÍ gÌ´Í‰ ÍÍ‰Í…cÌ¬ÌŸhÍ¡aÍ˜Ì«Ì»Ì¯oÌ«ÌŸÌ–ÍÌ™ÌÍ‰sÌ—Ì¦Ì².Ì¨Ì¹ÍˆÌ£,261c9b5e-9821-4a69-a9d8-3971ef3a0d7a
585,Maisey,McKew,-1E2,908fc79b-d1a6-495d-b1d3-def81040da8e
586,James,Jaquiss,â€«testâ€«,c99a12b6-5c03-4ee4-a35e-1f4234866301
587,Chelsey,Gethings,null,be55c124-3364-44f2-812f-50840b69a3a2
588,Galina,Girk,<img src=x onerror=alert('hi') />,555064cf-f9fd-4432-8658-ee7444076928
589,Kelly,Skeggs,",ã€‚ãƒ»:*:ãƒ»ã‚œâ€™( â˜» Ï‰ â˜» )ã€‚ãƒ»:*:ãƒ»ã‚œâ€™",d410d703-1b43-439e-8337-33a84ecc1fed
590,Elisabeth,D'Ambrogi,Â¡â„¢Â£Â¢âˆÂ§Â¶â€¢ÂªÂºâ€“â‰ ,b06a4770-a02f-4e3b-b53b-e6d5e7521dc3
591,Henrietta,Batiste,/dev/null; touch /tmp/blns.fail ; echo,40a46e55-7c49-47d3-9e8d-191b2ad8a499
592,Elijah,Davydzenko,(â•¯Â°â–¡Â°ï¼‰â•¯ï¸µ â”»â”â”»)  ,f7eb0381-46dd-48a1-b717-705938ea1457
593,Lemar,Strickland,â£,0aa9c2c6-6015-44a8-997a-1540327cab9d
594,Tommy,Lints,ğŸ‘¾ ğŸ™‡ ğŸ’ ğŸ™… ğŸ™† ğŸ™‹ ğŸ™ ğŸ™ ,60f63f31-de81-4321-a0f9-29577ecd4f35
595,Karylin,Bendon,(â•¯Â°â–¡Â°ï¼‰â•¯ï¸µ â”»â”â”»)  ,91793b6f-2828-4b65-8e19-35599cd25d0b
596,Clovis,Presman,0/0,a303562f-45ac-45ab-adae-5969c17c41ca
597,Casandra,Canellas,../../../../../../../../../../../etc/passwd%00,5fad4c9d-fa26-4967-9f3c-211eb8dc9348
598,Willy,O'Feeney,Ì—ÌºÍ–Ì¹Ì¯Í“TÌ±Ì¤ÍÌ¥Í‡ÍˆhÍÌ²eÍÍ“Ì¼Ì—Ì™Ì¼Ì£Í” Í‡ÌœÌ±Ì Í“ÍÍ…NÍ Í•eÌ—Ì±zÌ˜ÌÌœÌºÍ™pÌ¤ÌºÌ¹ÍÌ¯ÍšeÍœÌ Ì»Ì rÌ¨Ì¤ÍÌºÌ–Í”Ì–Ì–dÍŸÌ ÌŸÌ­Ì¬ÌiÌ¦Í–Ì©Í“Í”Ì¤aÌ Ì—Ì¬Í‰Ì™nÍœÍš Ì»ÌÌ°ÍšÍ…hÌµÍ‰iÌ³ÌvÌ¢Í‡eÍŸÌ­Í-Ò‰Ì­Ì©Ì¼Í”mÌ¤Ì­Ì«iÍ•Í‡ÌÌ¦nÌ—Í™dÌ£ÌŸ ÍÌ¯Ì²Í•oÌ¨ÌŸÌ¯Ì°Ì²Í™Ì»Ìf Í˜ÌªÌ°Ì°Ì—Ì–Ì­Ì˜cÌ¦ÍÌ²ÌÍÌ©Ì™hÌ£ÍšaÍœÌ®ÍÌŸÌ™oÌ›Ì©Ì¹ÍsÌ¤.ÌÌ Ò‰ZÌ¡Ì–ÌœÍ–Ì°Ì£Í‰ÌœaÍ¡Í–Ì°Í™Ì¬lÌ²Ì«Ì³ÍÌ©gÌ¡ÌŸÌ¼Ì±ÍšÌÌ¬Í…oÍœÌ—.ÌŸ,37297df5-b950-4343-bb15-f9427365482b
599,Delphine,Cozens,"""'""'""''''""",9093a77f-524e-4f73-909e-3a244f4554b2
600,Giralda,Sails,null,48b5fae8-e3ec-4dd5-8ed4-2a685c8be286
601,Ephrayim,Stert,ğŸµ ğŸ™ˆ ğŸ™‰ ğŸ™Š,f7db4574-0074-46fe-88b1-8f99dcf726f4
602,Rob,Stearnes,",./;'[]\-=",8c66f404-7d68-47a2-9571-6504de303aee
603,Devy,Judgkins,ã€€,8bdebc2a-4c03-4bf8-8a65-3fbc6a8b9fad
604,Anselma,Eginton,á ,db6c0aad-985b-4aa8-a858-1c9a0400fdcd
605,Rourke,Rispin,1E02,a5413b7f-ea6f-4cfa-ae18-0b77d86ca283
606,Sheilah,Bannard,1,e50faf66-5aaf-4c54-9c82-095ed2347689
607,Kelwin,Jovis,Å“âˆ‘Â´Â®â€ Â¥Â¨Ë†Ã¸Ï€â€œâ€˜,8083110f-da14-458d-9798-8b8323e46344
608,Donella,Mowsdale,1.00,649516c8-18b6-40b2-a888-b7ce4a9a54f2
609,Alessandra,Leighton,Ì¡Í“Í…ÌIÍÌ—Ì˜Ì¦nÍ‡Í‡Í™vÌ®Ì«okÌ²Ì«Ì™ÍˆiÌ–Í™Ì­Ì¹Ì ÌnÌ¡Ì»Ì®Ì£ÌºgÌ²ÍˆÍ™Ì­Í™Ì¬Í Ì°tÍ”Ì¦hÌÌ²eÌ¢Ì¤ ÍÌ¬Ì²Í–fÌ´Ì˜Í•Ì£eÍ€Í–eÌ£Ì¥Ì©lÍ–Í”ÍšiÍ Í“ÍšÌ¦nÍ–ÍÌ—Í“Ì³Ì®gÍ Ì¨oÍ¡ÍšÌªfÌ˜Ì£Ì¬ Ì–Ì˜Í–ÌŸÍ™Ì®cÒ‰Í”Ì«Í–Í“Í‡Í–Í…hÌµÌ¤Ì£ÍšÍ”aÍÌ—Ì¼Í…Í•oÌ¼Ì£Ì¥sÍ¢Ì±ÍˆÌºÌ–Ì¦Ì».Ì›Ì–ÌÌ Ì«Ì°,8a34fedd-c0c6-4510-a731-e9eaede0998e
610,Nestor,Ballefant,"__ï¾›(,_,*)",d9f938e9-a454-47d5-bbf1-6c8f594b932d
611,Ulrika,Jacquet,â€‹,40208275-f522-4a6e-9944-53c0a106b956
612,Licha,Wem,âœ‹ğŸ¿ ğŸ’ªğŸ¿ ğŸ‘ğŸ¿ ğŸ™ŒğŸ¿ ğŸ‘ğŸ¿ ğŸ™ğŸ¿,1ba3f934-ec19-4fa1-bcb2-068d3fe74744
613,Nicholle,Tregear,á ,638def26-89dc-44bc-ad01-36d84c2ba011
614,Shay,Swepstone,1E+02,9ff98cc6-6b83-48b9-b1d4-9574e61b8e2d
615,Obie,Cheales,â€©testâ€©,d74d6ca6-8fb4-4ae9-bead-60cc0913dde6
616,Gayleen,Lello,ğŸ˜,29da892f-3ebd-4628-87f8-2a3d4cdc155e
617,Finn,Menico,Ù¡Ù¢Ù£,6ed0cbee-2a5a-4236-bba0-6474b0c3a80e
618,Midge,Shorie,"Ø«Ù… Ù†ÙØ³ Ø³Ù‚Ø·Øª ÙˆØ¨Ø§Ù„ØªØ­Ø¯ÙŠØ¯ØŒ, Ø¬Ø²ÙŠØ±ØªÙŠ Ø¨Ø§Ø³ØªØ®Ø¯Ø§Ù… Ø£Ù† Ø¯Ù†Ùˆ. Ø¥Ø° Ù‡Ù†Ø§ØŸ Ø§Ù„Ø³ØªØ§Ø± ÙˆØªÙ†ØµÙŠØ¨ ÙƒØ§Ù†. Ø£Ù‡Ù‘Ù„ Ø§ÙŠØ·Ø§Ù„ÙŠØ§ØŒ Ø¨Ø±ÙŠØ·Ø§Ù†ÙŠØ§-ÙØ±Ù†Ø³Ø§ Ù‚Ø¯ Ø£Ø®Ø°. Ø³Ù„ÙŠÙ…Ø§Ù†ØŒ Ø¥ØªÙØ§Ù‚ÙŠØ© Ø¨ÙŠÙ† Ù…Ø§, ÙŠØ°ÙƒØ± Ø§Ù„Ø­Ø¯ÙˆØ¯ Ø£ÙŠ Ø¨Ø¹Ø¯, Ù…Ø¹Ø§Ù…Ù„Ø© Ø¨ÙˆÙ„Ù†Ø¯Ø§ØŒ Ø§Ù„Ø¥Ø·Ù„Ø§Ù‚ Ø¹Ù„ Ø¥ÙŠÙˆ.",37f0222c-c1a1-4c39-a20d-93db4f9e36bc
619,Idalia,Drife,`â„â‚¬â€¹â€ºï¬ï¬‚â€¡Â°Â·â€šâ€”Â±,a79b3507-117e-45d6-be15-0e9995655cb4
620,Pepito,Symons,ğŸµ ğŸ™ˆ ğŸ™‰ ğŸ™Š,1f355460-964f-4934-929e-aae04e0a6311
621,Germaine,Grahl,`â„â‚¬â€¹â€ºï¬ï¬‚â€¡Â°Â·â€šâ€”Â±,bc06b047-efd4-4f66-a4e3-449ea5745fbb
622,Conway,Elger,Å“âˆ‘Â´Â®â€ Â¥Â¨Ë†Ã¸Ï€â€œâ€˜,0fbb9a0f-bffe-4e96-8c35-e7fb7ebce99e
623,Lovell,Wyness,ì‚¬íšŒê³¼í•™ì› ì–´í•™ì—°êµ¬ì†Œ,2e32541a-4175-4f0b-bd04-d46c3ab16bdb
624,Misty,Fritzer,1/0,f43d1949-6ba8-4e6c-9d4f-33986398ad35
625,Doe,Drews,',9ddd2620-3832-47dd-9ba0-1855250295a1
626,Joe,Wickey,-1E02,65355de4-b404-4c34-baf2-9dbd3c9c1802
627,Joline,Ellesmere,0.00,90876449-5c25-4658-97d3-38a11d61764e
628,Hildagard,Conws,×”Ö¸×™Ö°×ªÖ¸×”testØ§Ù„ØµÙØ­Ø§Øª Ø§Ù„ØªÙ‘Ø­ÙˆÙ„,372a88b7-6fb2-4427-be65-89df6a5bcfdf
629,Mozelle,Kilcullen,1E02,0c62b67d-d5c3-41b7-a132-123a233b8d16
630,Ludwig,Werrit,TÌ•Ì­ÌºÌºoÍ Ì·iÌ²Ì¬Í‡ÌªÍ™nÌÌ—Í•vÍŸÌŸÌœÌ˜Ì¦oÌ¶Ì™Ì°Ì keÍ€ÍšÌ®ÌºÌªÌ¹Ì±Ì¤ Ì–tÍÌÍ•Ì³Ì£Ì»ÌªhÌ¼Í“Ì²Ì¦Ì³Ì˜Ì²eÍ‡Ì£Ì°Ì¦Ì¬Í Ì¢Ì¼Ì»Ì±Ì˜hÍ…ÍšÍÍ™ÌœÌ£Ì²iÌ¦Ì²Ì£Ì°Ì¤vÌ»ÍeÌºÌ­Ì³ÌªÌ°-mÌ¢iÍ…nÌ–ÌºÌÌ²Ì¯Ì°dÌµÌ¼ÌŸÍ™Ì©Ì¼Ì˜Ì³ ÌÌ¥Ì±Ì³Ì­rÌ›Ì—Ì˜eÍ™pÍ rÌ¼ÌÌ»Ì­Ì—eÍŸÌºÌ Ì£sÌ˜Í‡Ì³ÍÌÍ‰eÍœÍ‰Ì¥Ì¯ÌÌ²ÍšÌ¬nÍ€Ì¬ÍÍÌŸÌ–Í‡Ì¤tÍ˜ÍÌ¬Í…Ì¤Í“Ì¼Ì­iÌªÌ±nÍ gÌ´Í‰ ÍÍ‰Í…cÌ¬ÌŸhÍ¡aÍ˜Ì«Ì»Ì¯oÌ«ÌŸÌ–ÍÌ™ÌÍ‰sÌ—Ì¦Ì².Ì¨Ì¹ÍˆÌ£,909ba04f-6f02-4d84-b5b1-86a8070e6f10
631,Ana,Wearne,../../../../../../../../../../../etc/hosts,872bdafd-992c-4be8-a76f-cea7290c5848
632,Crista,Frowing,"""""",895511f4-8f22-4471-b697-1187250b7a12
633,Dalt,Hendriks,<script>alert('hi')</script>,a95fadac-b975-47a0-8af7-5eb7fefe8c9f
634,Patti,Leger,-1E02,8d12085d-726b-4d14-8ef3-419e75adc940
635,Corny,Gregr,NULL,ede1942e-0a28-47f1-826c-e9eaa4494925
636,Hortensia,Hortop,â£,b0994638-4ea0-4fe8-95f4-1ade0976d16f
637,Bryant,Keywood,Ã¥ÃŸâˆ‚Æ’Â©Ë™âˆ†ËšÂ¬â€¦Ã¦,8a02084e-f73b-4708-af02-36d0db145597
638,Aubine,Tovey,ãƒ½à¼¼àºˆÙ„Íœàºˆà¼½ï¾‰ ãƒ½à¼¼àºˆÙ„Íœàºˆà¼½ï¾‰ ,d1dbabd6-c0ba-4b26-b508-49bc2d3195bd
639,Yoko,Duley,-1E+02,16abf94f-6713-4117-a974-102b2260c618
640,Micaela,Ellit,-1E+02,0bf74234-ac30-400d-9540-db9b4f59e891
641,Waylan,Houlden,TÌ•Ì­ÌºÌºoÍ Ì·iÌ²Ì¬Í‡ÌªÍ™nÌÌ—Í•vÍŸÌŸÌœÌ˜Ì¦oÌ¶Ì™Ì°Ì keÍ€ÍšÌ®ÌºÌªÌ¹Ì±Ì¤ Ì–tÍÌÍ•Ì³Ì£Ì»ÌªhÌ¼Í“Ì²Ì¦Ì³Ì˜Ì²eÍ‡Ì£Ì°Ì¦Ì¬Í Ì¢Ì¼Ì»Ì±Ì˜hÍ…ÍšÍÍ™ÌœÌ£Ì²iÌ¦Ì²Ì£Ì°Ì¤vÌ»ÍeÌºÌ­Ì³ÌªÌ°-mÌ¢iÍ…nÌ–ÌºÌÌ²Ì¯Ì°dÌµÌ¼ÌŸÍ™Ì©Ì¼Ì˜Ì³ ÌÌ¥Ì±Ì³Ì­rÌ›Ì—Ì˜eÍ™pÍ rÌ¼ÌÌ»Ì­Ì—eÍŸÌºÌ Ì£sÌ˜Í‡Ì³ÍÌÍ‰eÍœÍ‰Ì¥Ì¯ÌÌ²ÍšÌ¬nÍ€Ì¬ÍÍÌŸÌ–Í‡Ì¤tÍ˜ÍÌ¬Í…Ì¤Í“Ì¼Ì­iÌªÌ±nÍ gÌ´Í‰ ÍÍ‰Í…cÌ¬ÌŸhÍ¡aÍ˜Ì«Ì»Ì¯oÌ«ÌŸÌ–ÍÌ™ÌÍ‰sÌ—Ì¦Ì².Ì¨Ì¹ÍˆÌ£,904919e3-a971-4803-a9c6-89913375ffc7
642,Grove,Gherarducci,"""""",8b6ccc25-ac97-4fed-b0af-5a0a616b50e3
643,Jeri,Fallanche,â‚€â‚â‚‚,4ccd26d9-7c49-4346-a449-b688bb5819c5
644,Viviyan,Jobin,â€«testâ€«,3ea761b3-594f-469e-8bfe-599e3b4c47d9
645,Arman,Geldart,null,65d33191-7399-41f3-a986-81060b72c1ab
646,Ravi,Fieller,null,2102c5cc-6962-4cb0-8249-660072908c1b
647,Sandye,Rickword,1/0,35952da4-81b2-4442-ae29-dcaf0f27c371
648,Hilda,Loveguard,999999999999999999999999999999999999999999999999999999999999999999999999999999999999999999999999,4a8a90b2-add8-445d-a85f-963b02ee9d55
649,Coleen,Arthurs,$1.00,6b4dd784-b5a9-455a-be5c-4d55b2b521ff
650,Nils,Lambin,ìš¸ë€ë°”í† ë¥´,ece57cce-73b5-4315-954a-342f5a074e5d
651,Pippa,Scandrett,1.00,cd49390e-b387-443d-a8d0-68e489bf607e
652,Towney,Kinver,<svg><script>0<1>alert('XSS')</script>,1de94150-903a-4100-8f90-a38789f38bea
653,Orelee,Kinane,-1E+02,452f9d7b-1e9e-4cef-9ee2-e01f92f2ef4b
654,Robb,Solon,ãƒ‘ãƒ¼ãƒ†ã‚£ãƒ¼ã¸è¡Œã‹ãªã„ã‹,ae3a6fe5-4618-4a67-b1c1-df9aeb15b399
655,Seamus,Breadon,ç”°ä¸­ã•ã‚“ã«ã‚ã’ã¦ä¸‹ã•ã„,287efb34-ea56-470c-a9b9-02bd0859f460
656,Flinn,Iacovuzzi,â¦testâ§,a4f0962a-d239-4278-9dc0-cedfffde0140
657,Goddard,Brandom,ï¼‘ï¼’ï¼“,4b944549-6cd0-43e6-a00a-4751eeaed8ae
658,Dexter,Hourston,ğ œğ œ±ğ ¹ğ ±“ğ ±¸ğ ²–ğ ³,30bb6a07-0b02-4445-be47-cc35a1c95d16
659,Suzie,Hinchshaw,1,c997a687-31a7-4249-aeeb-6fcb3e5705a6
660,Shanan,Huckfield,(ï½¡â—• âˆ€ â—•ï½¡),5d196fba-bbaf-4dd9-b6fd-fa0c48c19b96
661,Flossi,Fourcade,ã€€,5e76ea0e-66ce-46cd-9146-bf158d3d3147
662,Dehlia,Fireman,<svg><script>0<1>alert('XSS')</script>,251c8e9b-aa9f-4824-8170-11d9ab700f9e
663,Brina,Pallatina,testâ testâ€«,8186e45f-b136-4018-8e19-a1f3669454dc
664,Arte,Simcox,â°â´âµ,7bb3d2cb-a356-454f-89fa-4623801b2e8c
665,Edeline,Taffurelli,â€«testâ€«,91b2a311-1520-4f64-bfd9-d6e010cb9b20
666,Karmen,Hallede,â¡,996664ef-6012-4f73-98a3-44d3bc173d16
667,Gregorius,Pridden,Ë™Énbá´‰lÉ ÉuÆƒÉÉ¯ ÇÉ¹olop Ê‡Ç ÇÉ¹oqÉl Ê‡n Ê‡unpá´‰pá´‰É”uá´‰ É¹odÉ¯ÇÊ‡ poÉ¯sná´‰Ç op pÇs 'Ê‡á´‰lÇ Æƒuá´‰É”sá´‰dá´‰pÉ É¹nÊ‡ÇÊ‡É”ÇsuoÉ” 'Ê‡ÇÉ¯É Ê‡á´‰s É¹olop É¯nsdá´‰ É¯ÇÉ¹oË¥,29e99de0-0fb6-4242-89fa-24ba07e7e5d6
668,Augustus,Mulford,1E02,bd98b6ad-dd7a-4e90-a4a2-43de49e2f134
669,Sammy,Walshaw,Ã¥ÃŸâˆ‚Æ’Â©Ë™âˆ†ËšÂ¬â€¦Ã¦,515d7aa0-a9a1-449e-aece-ff9210b9697f
670,Vitoria,Romeo,(ï½¡â—• âˆ€ â—•ï½¡),001dadf8-62df-4ff2-9e52-9977bfdbd992
671,Cami,Probin,"__ï¾›(,_,*)",1bf16754-47df-4195-915c-df3c401abf2f
672,Ximenez,Zannetti,'',89a9e00a-7a42-4a61-a4a1-bd0bf5a2b95e
673,Kippy,Harken,(ï¾‰à²¥ç›Šà²¥ï¼‰ï¾‰ï»¿ â”»â”â”»,dccb0adc-64b1-48c4-8be7-aa71fc2b5f98
674,Lindsey,Milham,â€ªâ€ªtestâ€ª,bb32b8f8-73a2-47b7-abe5-c07c1084e12a
675,Maegan,Hellen,ï½€ï½¨(Â´âˆ€ï½€âˆ©,a0b677ab-4f43-44e5-845d-1e683bd399f4
676,Francene,Camsey,Ã…ÃÃÃËÃ“Ã”ï£¿Ã’ÃšÃ†â˜ƒ,8b1f1996-0bba-4028-b0a8-3869c6953143
677,Sonya,O'Heaney,áš€,4d8bb13c-9038-44e8-93a7-00447eb3249b
678,Igor,Orhtmann,-1,34748d77-05fb-4d73-8027-96fec26069d2
679,Mariele,Matisoff,ğŸ˜,7781cc52-023f-4127-ba84-b5ccdf76a114
680,Othella,Vasilov,/dev/null; touch /tmp/blns.fail ; echo,8b74f4e7-5912-4054-956d-999ce68c5517
681,Chanda,Dumbare,00Ë™Æ–$-,c7263f32-7c2b-47f6-94e0-07b055a86a22
682,Bibbye,Veldens,testâ testâ€«,f9d25106-aa3f-4c61-a91c-a5af6411d251
683,Rhys,Pitman,Â¸Ë›Ã‡â—ŠÄ±ËœÃ‚Â¯Ë˜Â¿,439f87af-5edb-41dd-91c3-1e1d2f924cae
684,Merna,Dearell,"<>?:""{}|_+",250d47df-645f-49ec-a1af-e0f3d2ec17b0
685,Trina,Bonar,TÌ•Ì­ÌºÌºoÍ Ì·iÌ²Ì¬Í‡ÌªÍ™nÌÌ—Í•vÍŸÌŸÌœÌ˜Ì¦oÌ¶Ì™Ì°Ì keÍ€ÍšÌ®ÌºÌªÌ¹Ì±Ì¤ Ì–tÍÌÍ•Ì³Ì£Ì»ÌªhÌ¼Í“Ì²Ì¦Ì³Ì˜Ì²eÍ‡Ì£Ì°Ì¦Ì¬Í Ì¢Ì¼Ì»Ì±Ì˜hÍ…ÍšÍÍ™ÌœÌ£Ì²iÌ¦Ì²Ì£Ì°Ì¤vÌ»ÍeÌºÌ­Ì³ÌªÌ°-mÌ¢iÍ…nÌ–ÌºÌÌ²Ì¯Ì°dÌµÌ¼ÌŸÍ™Ì©Ì¼Ì˜Ì³ ÌÌ¥Ì±Ì³Ì­rÌ›Ì—Ì˜eÍ™pÍ rÌ¼ÌÌ»Ì­Ì—eÍŸÌºÌ Ì£sÌ˜Í‡Ì³ÍÌÍ‰eÍœÍ‰Ì¥Ì¯ÌÌ²ÍšÌ¬nÍ€Ì¬ÍÍÌŸÌ–Í‡Ì¤tÍ˜ÍÌ¬Í…Ì¤Í“Ì¼Ì­iÌªÌ±nÍ gÌ´Í‰ ÍÍ‰Í…cÌ¬ÌŸhÍ¡aÍ˜Ì«Ì»Ì¯oÌ«ÌŸÌ–ÍÌ™ÌÍ‰sÌ—Ì¦Ì².Ì¨Ì¹ÍˆÌ£,dda8dd7e-e04f-4411-882f-905fc826d4a5
686,Aeriel,Gravett,(ï¾‰à²¥ç›Šà²¥ï¼‰ï¾‰ï»¿ â”»â”â”»,05de511c-c78f-4dd2-a9f2-f7151f8bbf0a
687,Hyacinth,Grieves,ï»¿,41a3374d-41d6-42bd-bb91-21da4aa93443
688,Dorothee,Howsan,â¢,873e4178-c41f-4724-8127-bba202247f50
689,Barri,Ciciari,Å“âˆ‘Â´Â®â€ Â¥Â¨Ë†Ã¸Ï€â€œâ€˜,c69adff4-2889-4af0-8103-2b282f778902
690,Ashlin,Wallbrook,-1E02,7b0792e1-ba74-48da-8a2b-42592e44bcf3
691,Wilden,Burdin,ç”°ä¸­ã•ã‚“ã«ã‚ã’ã¦ä¸‹ã•ã„,56722550-6232-4fc8-80ca-eca6062a7955
692,Marris,Merrywether,â€‹,2e99a889-b96d-48f9-8f41-0c2a8e4e41cf
693,Neron,Kunisch,ï¾Ÿï½¥âœ¿ãƒ¾â•²(ï½¡â—•â€¿â—•ï½¡)â•±âœ¿ï½¥ï¾Ÿ,ff18c988-1bae-40c4-bd71-9a0163eb446d
694,Zackariah,Edwardes,`â„â‚¬â€¹â€ºï¬ï¬‚â€¡Â°Â·â€šâ€”Â±,8387868a-3b0e-4a94-b717-b9416863827b
695,Gav,Idenden,éƒ¨è½æ ¼,52049c53-f165-443d-bc72-4e318657390f
696,Jacky,Imort,1E+02,41d7d445-aa1f-4de5-963b-375af0f3e69f
697,Jessee,Jammes,null,9480cb21-24b4-4109-85e4-5812c3f45dfb
698,Kyla,Reightley,"""",04013447-0aa8-44a6-a0ff-bb4c776c794f
699,Farrel,Gooden,-1,118ea6c0-263b-460f-af1e-79bb45f66419
700,Saree,McMennum,ğŸµ ğŸ™ˆ ğŸ™‰ ğŸ™Š,469464be-ee04-464d-9f94-9dda130f1f7a
701,Marjorie,Deam,ğŸ‘©ğŸ½,acb1a9a6-cceb-4191-b707-7e4c0aed1dc4
702,Augustus,Fearnall,-1/2,97ff464b-a4a8-41a6-b6f2-3a44577c4f89
703,Chad,Crean,"×‘Ö¼Ö°×¨Öµ××©×Ö´×™×ª, ×‘Ö¼Ö¸×¨Ö¸× ×Ö±×œÖ¹×”Ö´×™×, ×Öµ×ª ×”Ö·×©Ö¼×Ö¸×Ö·×™Ö´×, ×•Ö°×Öµ×ª ×”Ö¸×Ö¸×¨Ö¶×¥",b9e0913e-90f7-4b55-9639-17c724be1672
704,Twyla,Hoggetts,1E02,c62b1d0b-0766-4f3a-b386-6a385ebe55e8
705,Carling,Bodell,/dev/null; touch /tmp/blns.fail ; echo,8fb404ae-4ead-4752-a029-45d14c695458
706,Bryana,Sircomb,"""'""'""''''""",b95612ae-63c7-4bc3-b8d3-a7b0366351c4
707,Emmy,Cookman,ï½€ï½¨(Â´âˆ€ï½€âˆ©,d04dcef2-8d26-4d12-9a45-5f866938c611
708,Zorah,Stych,â€‹,60a0933f-71eb-4db3-bdf2-8795d1ea9146
709,Olav,Saltrese,Ù¡Ù¢Ù£,3286e65b-12b0-40c5-acee-e12d569ac4fc
710,Nicola,Matthiesen,1'; DROP TABLE users--,08428c6a-4bd4-43af-8836-0a0e5b7da40f
711,Erna,Sabater,"__ï¾›(,_,*)",d314c081-10d1-4d67-91a1-12ec513cf298
712,Arline,Vant,ã€€,1086d196-e8c8-4654-85d7-18805eb4d7f2
713,Cordie,Fitzroy,éƒ¨è½æ ¼,51be5d1e-139a-4ea2-9a70-8ae374b224bb
714,Joanne,Lynn,ãƒ»(ï¿£âˆ€ï¿£)ãƒ»:*:,e396db0f-c118-42f5-9a59-0bdf5210612f
715,Serene,Sharpous,Â¡â„¢Â£Â¢âˆÂ§Â¶â€¢ÂªÂºâ€“â‰ ,62ea9204-637c-46ed-985b-bec58d621928
716,Neely,Minithorpe,"'""'",f2a2fe00-d401-480f-9288-2819e24410cb
717,Kip,Ladell,â°â´âµ,1416c1c2-d370-4591-97d2-f3af28a2fd9d
718,Hasheem,Audus,â‚€â‚â‚‚,e57fde00-f23b-4035-95a4-f404ba4483ec
719,Sibilla,Cufflin,0.00,195153b0-6af5-4f7a-b0cf-f795a0648cf2
720,Ralina,Collough,"""",8a0514ef-14de-40f7-b086-89155b4eeb8e
721,Mehetabel,Giocannoni,,0f917af0-0366-4255-bed1-1b79fa084a19
722,Lonnard,Dugall,ã€€,91edaf7f-fb51-4787-8e83-37b61d204425
723,Cammi,Jezard,â°â´âµ,3a9439c6-4758-4a0c-9590-10838ff44c9f
724,Fredericka,Hellsdon,ğŸš¾ ğŸ†’ ğŸ†“ ğŸ†• ğŸ†– ğŸ†— ğŸ†™ ğŸ§,684aa18b-809f-4aa9-a4ab-08a001dc70bd
725,Rahal,Poyner,1/0,35f27fb0-e29c-4c55-9e61-db4364a95bbd
726,Monica,Ditchburn,â¡,1fd0dc1f-e965-4751-ace2-ed5993a6b0a0
727,Addy,Souness,å’Œè£½æ¼¢èª,ccafae77-97a8-4341-8413-4b1d0952f072
728,Julianne,Weaver,1.00,09e73bab-6221-47cb-8360-d9ed192eebbc
729,Hall,Rout,1;DROP TABLE users,f0eb9f5a-d4c9-40fa-8e14-8470a6fa9420
730,Angel,Ratke,â¡,d6688612-99f6-46d8-bbc9-c74da83139ae
731,Cooper,McCrossan,ãƒ½à¼¼àºˆÙ„Íœàºˆà¼½ï¾‰ ãƒ½à¼¼àºˆÙ„Íœàºˆà¼½ï¾‰ ,79b867e9-9245-45b0-9b16-40d194a6f171
732,Peterus,Rentelll,-$1.00,24081ac1-eab4-4bc3-b956-a90d18ef41e5
733,Hayley,Rentalll,â¢,09b7c84e-2f37-4fba-9513-d6f1d1631f10
734,Idaline,Small,',f0463946-cd96-4099-912d-cfa928dc506b
735,Olenka,Galletly,../../../../../../../../../../../etc/passwd%00,e7dbf52f-bdbf-49e9-ad9d-661513a8ba6d
736,Lukas,Harrod,ğŸš¾ ğŸ†’ ğŸ†“ ğŸ†• ğŸ†– ğŸ†— ğŸ†™ ğŸ§,c22cf8f8-b534-468c-a65c-fcc9a1d80c1f
737,Barr,Jennions,-$1.00,d67e1cda-e2d6-422e-a2d5-b2fa4de7076b
738,Kristin,Knaggs,0/0,4ea0669e-74ca-439f-bf25-1928bd63510a
739,Kirstyn,Hambers,../../../../../../../../../../../etc/passwd%00,accb951f-422c-47d1-9a9c-573b4d46874e
740,Tuesday,Knapper,Ì¦HÍÌ¬Ì¤Ì—Ì¤eÍœ ÍÌœÌ¥ÌÌ»ÍÌŸwÌ•hÌ–Ì¯Í“oÌÍ™Ì–ÍÌ±Ì® Ò‰ÌºÌ™ÌÌŸÍˆWÌ·Ì¼Ì­aÌºÌªÍiÌ¨ÍˆÍ•Ì­Í™Ì¯ÌœtÌ¶Ì¼Ì®sÌ•Ì˜Í™Í– Ì Ì«Ì BÌ»ÍÍ…Í™Í‰Ì³eÌµhÌµÌ¬Í‡Ì«Í™iÌ•Ì¹Í“Ì³Ì³Ì®ÍÌ«nÍŸdÌ´ÌªÌœÌ– ÍÌ°Í‰Ì©Í…Í‡Í™Ì²TÍ¢Í–Ì¼Í“ÌªhÍÍ“Ì®Ì»eÌ¬ÌÍ…ÌŸ Ì¤Ì¹ÌWÍÍ…Í™ÌÌÍ”Í‡aÍÍ“Í”Ì¹Ì¼Ì£lÌ´Í”Ì°Ì¤ÌŸÍ”lÌ­Ì«.Í•,b12e3716-f44b-48a7-b4b5-22f7ed4ddccb
741,Siobhan,Astbury,-1E02,4eeadfa6-dc0c-453f-ad1c-7a0f6101dfa8
742,Andrea,Alleyn,Î©â‰ˆÃ§âˆšâˆ«ËœÂµâ‰¤â‰¥Ã·,1a59258c-ebc1-4b6c-953c-b6dcad8f236b
743,Georas,Claige,Ì¦HÍÌ¬Ì¤Ì—Ì¤eÍœ ÍÌœÌ¥ÌÌ»ÍÌŸwÌ•hÌ–Ì¯Í“oÌÍ™Ì–ÍÌ±Ì® Ò‰ÌºÌ™ÌÌŸÍˆWÌ·Ì¼Ì­aÌºÌªÍiÌ¨ÍˆÍ•Ì­Í™Ì¯ÌœtÌ¶Ì¼Ì®sÌ•Ì˜Í™Í– Ì Ì«Ì BÌ»ÍÍ…Í™Í‰Ì³eÌµhÌµÌ¬Í‡Ì«Í™iÌ•Ì¹Í“Ì³Ì³Ì®ÍÌ«nÍŸdÌ´ÌªÌœÌ– ÍÌ°Í‰Ì©Í…Í‡Í™Ì²TÍ¢Í–Ì¼Í“ÌªhÍÍ“Ì®Ì»eÌ¬ÌÍ…ÌŸ Ì¤Ì¹ÌWÍÍ…Í™ÌÌÍ”Í‡aÍÍ“Í”Ì¹Ì¼Ì£lÌ´Í”Ì°Ì¤ÌŸÍ”lÌ­Ì«.Í•,3e04dc9a-6fe3-4f46-b3f3-82d1e6586d88
744,Clemmie,Tirone,(ï½¡â—• âˆ€ â—•ï½¡),cc341bff-8ccc-460f-9ba1-14fadf6ca6ec
745,Tiena,Coslitt,ì‚¬íšŒê³¼í•™ì› ì–´í•™ì—°êµ¬ì†Œ,116a9c6a-bfda-445b-8db7-862dbb8598d2
746,Roscoe,Hartegan,() { _; } >_[$($())] { touch /tmp/blns.shellshock2.fail; },68f61f9c-2dbd-47bb-a99e-a31df2067d61
747,Eddie,Hambidge,../../../../../../../../../../../etc/hosts,75486ce4-52dd-48e3-ad8e-e033b79a85dd
748,Alexio,Sally,â¡,e783b2a2-ef3a-4259-900b-544cf3d03591
749,Burton,Calderwood,<img src=x onerror=alert('hi') />,42a1d4fb-62bd-4ab9-8257-092a146f6c5b
750,Arlina,Linguard,ì‚¬íšŒê³¼í•™ì› ì–´í•™ì—°êµ¬ì†Œ,043d1c92-08f3-44d3-a3fc-c985d10de428
751,Ferne,Arblaster,NULL,8e8af789-ef78-42c1-a57e-29b69c93a05f
752,Alene,Rediers,ç”°ä¸­ã•ã‚“ã«ã‚ã’ã¦ä¸‹ã•ã„,5c7fb23f-9334-448e-b944-64729756fd30
753,Hector,Ennew,×”Ö¸×™Ö°×ªÖ¸×”testØ§Ù„ØµÙØ­Ø§Øª Ø§Ù„ØªÙ‘Ø­ÙˆÙ„,de80b489-0123-4fbb-adc7-be1420d49371
754,Alecia,Loney,ï»¿,f7e31283-9e24-4bd3-a730-67bf73933484
755,Fons,Jagielski,Ë™Énbá´‰lÉ ÉuÆƒÉÉ¯ ÇÉ¹olop Ê‡Ç ÇÉ¹oqÉl Ê‡n Ê‡unpá´‰pá´‰É”uá´‰ É¹odÉ¯ÇÊ‡ poÉ¯sná´‰Ç op pÇs 'Ê‡á´‰lÇ Æƒuá´‰É”sá´‰dá´‰pÉ É¹nÊ‡ÇÊ‡É”ÇsuoÉ” 'Ê‡ÇÉ¯É Ê‡á´‰s É¹olop É¯nsdá´‰ É¯ÇÉ¹oË¥,fdbf0bff-7ac6-40c0-b42a-fde8d6e717c5
756,Malva,Fauguel,(ï¾‰à²¥ç›Šà²¥ï¼‰ï¾‰ï»¿ â”»â”â”»,4954ed0b-fc02-4a20-99a6-f09bd7d8464f
757,Gan,Muffitt,() { _; } >_[$($())] { touch /tmp/blns.shellshock2.fail; },ccbbde29-5342-437f-8423-543cdd2664e8
758,Donny,Salan,"<>?:""{}|_+",06306bf3-f4b4-4e79-98a8-e94bd38006a3
759,Elbertina,Bremley,1,ee238de4-17bc-4877-932d-5b137bfbe499
760,Genovera,McAne,Å’â€Â´â€°Ë‡ÃÂ¨Ë†Ã˜âˆâ€â€™,7a166713-25ec-4885-a5b1-c0fe9a6471ef
761,Kerrin,Blomefield,(â•¯Â°â–¡Â°ï¼‰â•¯ï¸µ â”»â”â”»)  ,3094df01-d36d-4a6d-9673-885af23284ab
762,Othilie,Grieveson,1E2,0d72977e-58f0-4adb-b0bd-8536f7ecf75c
763,Doralyn,Dowdall,!@#$%^&*(),7f1d5c42-9a84-413b-a03a-0fb003122ded
764,Maryrose,Liddle,0/0,8077b248-c7c8-4b4d-94f7-9496e5f068bf
765,Kathleen,Glaum,<img src=x onerror=alert('hi') />,b7be9dd3-3c7d-40d6-bbb5-a000baa26858
766,Sharl,Gilphillan,â¢,24b2c368-7f9e-4f47-a5f5-4c2535908ba7
767,Lavina,Stockport,"""'""'""''''""",6411d0ea-c736-4a1e-a62c-f3c47d82489f
768,Lowe,Farr,ğ œğ œ±ğ ¹ğ ±“ğ ±¸ğ ²–ğ ³,711813a8-ba0f-4bbd-9de0-b77c04827f52
769,Bernice,Musprat,'',dacb02c5-0554-4e0b-a567-a2c499b1bca1
770,Chiarra,Bruineman,Â¡â„¢Â£Â¢âˆÂ§Â¶â€¢ÂªÂºâ€“â‰ ,c0980fe1-335a-41b3-84ab-5ed78cb925cf
771,Judas,Pedlingham,nil,a7583797-f7ff-49f3-9fdf-96e250d623f5
772,Chloris,Wyles,"""'""'""''''""",063e933e-1266-4da6-870b-1dad56b172cd
773,De,Birley,ç¤¾æœƒç§‘å­¸é™¢èªå­¸ç ”ç©¶æ‰€,1a5ad54e-c956-4e3a-8a84-74493f8cde2e
774,Beauregard,Killford,â¢,a03c4b24-3a86-4b9b-9340-92f7caf7293e
775,Matias,Beetles,() { 0; }; touch /tmp/blns.shellshock1.fail;,27fb9dc2-d4c2-4efc-8be2-7985922a427d
776,Cindee,Cobello,ğŸ‘©ğŸ½,ffe45746-7ddb-4658-8fa8-a38906f384af
777,Luca,Pollastrino,ğŸ‘©ğŸ½,8f7a6de1-ee9b-4482-b23a-8bd5f72ac3d3
778,Cristionna,Rix,Â¡â„¢Â£Â¢âˆÂ§Â¶â€¢ÂªÂºâ€“â‰ ,b18be914-d342-4d0e-9443-ef78c11bb1ec
779,Xerxes,Gilleson,ğŸ‘¾ ğŸ™‡ ğŸ’ ğŸ™… ğŸ™† ğŸ™‹ ğŸ™ ğŸ™ ,097cbbdd-62f6-430e-b016-cb710383bea0
780,Martita,Lory,ZÌ®ÌÍ…Ì Í™Í”AÌ¥Ì—ÌÍˆÌ»Ì—LÌ£Í™ÍÌ¯Ì¹ÌÍ“GÌ»OÌ­Ì—Ì®,9429ad5d-fb39-431a-be71-3d5e1f2ca147
781,Dyanna,Pesic,-1E2,8fa6d9ef-dc46-4f1c-bb79-928eb1fef1a7
782,Dieter,Vieyra,1E2,0a2e3a50-b78b-4c15-8e28-ee3e86901f84
783,Alon,Gribbins,1;DROP TABLE users,d24573bd-45c7-4080-bd11-1178a87c5a60
784,Renata,Redshaw,1/2,c6196758-2da4-4415-b872-efad1f942157
785,Renado,Duchant,"×‘Ö¼Ö°×¨Öµ××©×Ö´×™×ª, ×‘Ö¼Ö¸×¨Ö¸× ×Ö±×œÖ¹×”Ö´×™×, ×Öµ×ª ×”Ö·×©Ö¼×Ö¸×Ö·×™Ö´×, ×•Ö°×Öµ×ª ×”Ö¸×Ö¸×¨Ö¶×¥",2eb4fce7-7ba5-4c4d-a290-3c7b4b0787e8
786,Noe,Oubridge,Î©â‰ˆÃ§âˆšâˆ«ËœÂµâ‰¤â‰¥Ã·,bfb4b90c-d707-4693-94c3-ed01c3541587
787,Mikaela,Schankelborg,ğŸµ ğŸ™ˆ ğŸ™‰ ğŸ™Š,dfe646e2-04b4-45c5-8f88-202452d73e69
788,Hazel,Harwick,(â•¯Â°â–¡Â°ï¼‰â•¯ï¸µ â”»â”â”»)  ,7578e954-4a0d-4592-ac06-dd3d58d72a88
789,Ruthe,Mullally,1E+02,8541b8d6-e415-4ad1-bb3e-52ab2c452c1c
790,Josey,Gerault,Î©â‰ˆÃ§âˆšâˆ«ËœÂµâ‰¤â‰¥Ã·,92ab107c-079c-4fdd-950a-18f5f54198f7
791,Wilma,Dillingston,1/0,898b67f5-4eb1-43fd-a86a-87e86547f1c2
792,Caressa,Manzell,Ù¡Ù¢Ù£,ca9a50ee-689a-483a-8d9b-816855a0b448
793,Vicki,Murgatroyd,$1.00,ba3742d0-7b6f-4958-8520-508f26e0838b
794,Eldon,Sigert,á ,b866b35a-7c32-4a1a-b2ed-f9e892e6b7a4
795,Cornell,Aylott,nil,f2172ee8-2244-4ce7-a740-1c8645b334a9
796,Dannie,De Beauchemp,â€©testâ€©,52a8a7d9-b566-40e0-9da7-d6c5bd07d4d4
797,Sela,Chessman,â€‹,35de423f-665d-4f8f-bfca-776bf560acfe
798,Pierre,Gatling,(ï½¡â—• âˆ€ â—•ï½¡),e9bc891e-81e4-4ed2-b1f3-d19726052310
799,Zackariah,Bricksey,",ã€‚ãƒ»:*:ãƒ»ã‚œâ€™( â˜» Ï‰ â˜» )ã€‚ãƒ»:*:ãƒ»ã‚œâ€™",9bba22f3-67d5-4b77-9512-3d70d13b25c7
800,Bronnie,Galway,null,4d35d3a1-1511-42f3-95dc-39f444e8c075
801,Guendolen,Pauncefort,'',7381b2e6-580e-43aa-a394-704fe2b33677
802,Tallie,Valentelli,ï¾Ÿï½¥âœ¿ãƒ¾â•²(ï½¡â—•â€¿â—•ï½¡)â•±âœ¿ï½¥ï¾Ÿ,d76492a7-4a08-42de-8f05-499ba72db44b
803,Cortie,Mallabon,<script>alert('hi')</script>,df1dc31f-01f7-421d-ab21-314de78ee4d7
804,Beret,Abramcik,<script>alert('hi')</script>,89999a1c-531a-46c1-8888-17387211343f
805,Maye,Canadine,×”Ö¸×™Ö°×ªÖ¸×”testØ§Ù„ØµÙØ­Ø§Øª Ø§Ù„ØªÙ‘Ø­ÙˆÙ„,e663de7e-ef80-4417-ab9f-703ec5cc1443
806,Roby,Boyack,Â¸Ë›Ã‡â—ŠÄ±ËœÃ‚Â¯Ë˜Â¿,a6365935-b622-477f-b5e9-952c238ed192
807,Cordelia,Liepmann,ğŸ‘¾ ğŸ™‡ ğŸ’ ğŸ™… ğŸ™† ğŸ™‹ ğŸ™ ğŸ™ ,5ce70e27-d19e-48fd-bbb0-c3e5ebd0c048
808,Cindie,Cahill,NIL,3b153896-62b1-477a-b721-0306f6d23682
809,James,Savaage,!@#$%^&*(),a95be6a5-709c-41eb-8b5f-7c764ea5268c
810,Holly,Leele,â€ªâ€ªtestâ€ª,5afb275b-5a80-47bd-a5c7-8b09e8906167
811,Francene,Gwillym,ç”°ä¸­ã•ã‚“ã«ã‚ã’ã¦ä¸‹ã•ã„,2d2774aa-a6d2-41ac-9293-9a47ab024055
812,Izaak,Jollands,NIL,b777cb5c-239f-48c0-8796-87233ffaa6bf
813,Leupold,Izhakov,áš€,be13b36e-9075-4db9-b0aa-e3a352422d0a
814,Richy,de Amaya,ğŸš¾ ğŸ†’ ğŸ†“ ğŸ†• ğŸ†– ğŸ†— ğŸ†™ ğŸ§,95ed0e96-2ccc-4f00-ab2c-52e3c71bef7b
815,Beckie,Sisneros,âœ‹ğŸ¿ ğŸ’ªğŸ¿ ğŸ‘ğŸ¿ ğŸ™ŒğŸ¿ ğŸ‘ğŸ¿ ğŸ™ğŸ¿,0be3048e-7ad3-487c-a7a0-f5a76171d398
816,Urbano,McKeever,',04c59674-b90e-4714-a0d9-6c42e93fe7fe
817,Curt,Cabera,"×‘Ö¼Ö°×¨Öµ××©×Ö´×™×ª, ×‘Ö¼Ö¸×¨Ö¸× ×Ö±×œÖ¹×”Ö´×™×, ×Öµ×ª ×”Ö·×©Ö¼×Ö¸×Ö·×™Ö´×, ×•Ö°×Öµ×ª ×”Ö¸×Ö¸×¨Ö¶×¥",5016617c-b3aa-4577-b934-9782e4a9dc90
818,Sonni,Chess,../../../../../../../../../../../etc/hosts,090a8274-808f-47d8-abc3-16dbaf8b81d1
819,Orsola,McTrustrie,â£,7d8af89d-6d36-4c98-8828-13c5ed2ea36c
820,Stafford,Pero,ãƒ½à¼¼àºˆÙ„Íœàºˆà¼½ï¾‰ ãƒ½à¼¼àºˆÙ„Íœàºˆà¼½ï¾‰ ,5fbabb3a-0e1c-4d4d-95fb-2bf9a15ba122
821,Dex,Kebell,1E2,dc0c7d78-d26f-4b70-862e-94b7f5234641
822,Alanah,Hakking,âœ‹ğŸ¿ ğŸ’ªğŸ¿ ğŸ‘ğŸ¿ ğŸ™ŒğŸ¿ ğŸ‘ğŸ¿ ğŸ™ğŸ¿,9a7b427c-996e-4d4a-a49b-e3206c738d20
823,Travers,Drohane,Â¡â„¢Â£Â¢âˆÂ§Â¶â€¢ÂªÂºâ€“â‰ ,ad09742c-5bab-4b2f-baec-37d5c680159e
824,Chloette,Carloni,ğŸµ ğŸ™ˆ ğŸ™‰ ğŸ™Š,9b1dc114-460d-495d-9bb3-defcfaec79d1
825,Scotty,Allcorn,ãƒ‘ãƒ¼ãƒ†ã‚£ãƒ¼ã¸è¡Œã‹ãªã„ã‹,576f19da-8485-4ba7-8cf4-ebe00aabd3d0
826,Cherrita,Pagett,â°â´âµâ‚€â‚â‚‚,f5ac8542-4cfb-43d8-af1e-450054ec63b6
827,Tabby,Galliard,ğŸ‘¾ ğŸ™‡ ğŸ’ ğŸ™… ğŸ™† ğŸ™‹ ğŸ™ ğŸ™ ,e7e016fd-f3a4-4171-980b-60bd16aedb8b
828,Gray,Connue,â¦testâ§,c770ecb6-0d47-4692-99c7-741c6fa2c215
829,Martha,Chappel,(ï¾‰à²¥ç›Šà²¥ï¼‰ï¾‰ï»¿ â”»â”â”»,01cd76e9-08fd-41c0-99f3-f12fd4ab0859
830,Emelita,Debling,"'""'",671dcd6a-aebe-46a2-9aee-b7bb1853c54e
831,Philbert,Letixier,Ã¥ÃŸâˆ‚Æ’Â©Ë™âˆ†ËšÂ¬â€¦Ã¦,7823e761-6ddc-4129-92a2-32b2eec95c64
832,Bethina,Farthin,ğŸ‘¾ ğŸ™‡ ğŸ’ ğŸ™… ğŸ™† ğŸ™‹ ğŸ™ ğŸ™ ,8dac7eb5-eb90-4576-a43e-5288180dcae5
833,Chet,Rother,() { 0; }; touch /tmp/blns.shellshock1.fail;,32e58569-6e87-4f90-94a5-219ac8df3f78
834,Alis,Hartright,1'; DROP TABLE users--,55b743b0-c254-4e7e-af08-7c388b898ac0
835,Yolanda,Laven,â¤ï¸ ğŸ’” ğŸ’Œ ğŸ’• ğŸ’ ğŸ’“ ğŸ’— ğŸ’– ğŸ’˜ ğŸ’ ğŸ’Ÿ ğŸ’œ ğŸ’› ğŸ’š ğŸ’™,94b8ea3b-0e8e-47cb-b538-b4e1da8a1e60
836,Iormina,Sazio,TÌ•Ì­ÌºÌºoÍ Ì·iÌ²Ì¬Í‡ÌªÍ™nÌÌ—Í•vÍŸÌŸÌœÌ˜Ì¦oÌ¶Ì™Ì°Ì keÍ€ÍšÌ®ÌºÌªÌ¹Ì±Ì¤ Ì–tÍÌÍ•Ì³Ì£Ì»ÌªhÌ¼Í“Ì²Ì¦Ì³Ì˜Ì²eÍ‡Ì£Ì°Ì¦Ì¬Í Ì¢Ì¼Ì»Ì±Ì˜hÍ…ÍšÍÍ™ÌœÌ£Ì²iÌ¦Ì²Ì£Ì°Ì¤vÌ»ÍeÌºÌ­Ì³ÌªÌ°-mÌ¢iÍ…nÌ–ÌºÌÌ²Ì¯Ì°dÌµÌ¼ÌŸÍ™Ì©Ì¼Ì˜Ì³ ÌÌ¥Ì±Ì³Ì­rÌ›Ì—Ì˜eÍ™pÍ rÌ¼ÌÌ»Ì­Ì—eÍŸÌºÌ Ì£sÌ˜Í‡Ì³ÍÌÍ‰eÍœÍ‰Ì¥Ì¯ÌÌ²ÍšÌ¬nÍ€Ì¬ÍÍÌŸÌ–Í‡Ì¤tÍ˜ÍÌ¬Í…Ì¤Í“Ì¼Ì­iÌªÌ±nÍ gÌ´Í‰ ÍÍ‰Í…cÌ¬ÌŸhÍ¡aÍ˜Ì«Ì»Ì¯oÌ«ÌŸÌ–ÍÌ™ÌÍ‰sÌ—Ì¦Ì².Ì¨Ì¹ÍˆÌ£,494d6af5-bd27-43c0-959d-61eea0f7ff53
837,Janeva,Antyukhin,â€ªâ€ªtestâ€ª,81463ffb-9d90-4177-ab2b-ffb37244c75a
838,Viviene,Simacek,-1/2,9fb3c260-ac49-4c01-9d60-6219114ec985
839,Esta,Biers,"""""",d25c04ea-adfa-439e-9ca4-ff787ce365e5
840,Ethe,Muress,$1.00,b8f40a32-5055-4f83-92aa-e45c7906a2c6
841,Jdavie,Evert,â€ªâ€ªtestâ€ª,a7105f2e-92e5-4282-9409-6aea2519fd84
842,Karisa,Sollett,Ù¡Ù¢Ù£,c5f1fde0-2d53-4ca9-9893-cd2bce184a00
843,Huntington,Grombridge,ìš¸ë€ë°”í† ë¥´,aef2cc35-9764-471f-94c9-9efedb3e79d0
844,Boycie,Towll,â€«testâ€«,e2f48c57-2c75-406b-b13d-1e8ebeac6d4d
845,Ferrell,Powland,×”Ö¸×™Ö°×ªÖ¸×”testØ§Ù„ØµÙØ­Ø§Øª Ø§Ù„ØªÙ‘Ø­ÙˆÙ„,3e6960ab-d340-4465-8dcc-c9f658627476
846,Brittne,England,TÌ•Ì­ÌºÌºoÍ Ì·iÌ²Ì¬Í‡ÌªÍ™nÌÌ—Í•vÍŸÌŸÌœÌ˜Ì¦oÌ¶Ì™Ì°Ì keÍ€ÍšÌ®ÌºÌªÌ¹Ì±Ì¤ Ì–tÍÌÍ•Ì³Ì£Ì»ÌªhÌ¼Í“Ì²Ì¦Ì³Ì˜Ì²eÍ‡Ì£Ì°Ì¦Ì¬Í Ì¢Ì¼Ì»Ì±Ì˜hÍ…ÍšÍÍ™ÌœÌ£Ì²iÌ¦Ì²Ì£Ì°Ì¤vÌ»ÍeÌºÌ­Ì³ÌªÌ°-mÌ¢iÍ…nÌ–ÌºÌÌ²Ì¯Ì°dÌµÌ¼ÌŸÍ™Ì©Ì¼Ì˜Ì³ ÌÌ¥Ì±Ì³Ì­rÌ›Ì—Ì˜eÍ™pÍ rÌ¼ÌÌ»Ì­Ì—eÍŸÌºÌ Ì£sÌ˜Í‡Ì³ÍÌÍ‰eÍœÍ‰Ì¥Ì¯ÌÌ²ÍšÌ¬nÍ€Ì¬ÍÍÌŸÌ–Í‡Ì¤tÍ˜ÍÌ¬Í…Ì¤Í“Ì¼Ì­iÌªÌ±nÍ gÌ´Í‰ ÍÍ‰Í…cÌ¬ÌŸhÍ¡aÍ˜Ì«Ì»Ì¯oÌ«ÌŸÌ–ÍÌ™ÌÍ‰sÌ—Ì¦Ì².Ì¨Ì¹ÍˆÌ£,f7e90994-350a-4456-84e5-f8fd4b27c9de
847,Demetria,Azemar,nil,9e9fc508-6068-4895-b003-9e60b75b96b0
848,Griffie,Millichap,`â„â‚¬â€¹â€ºï¬ï¬‚â€¡Â°Â·â€šâ€”Â±,db811eae-603c-418a-a115-f5a12d0b6d31
849,Brooks,Driscoll,-1E02,6f4a8829-2b1e-4e7e-8d34-f5d7a270002a
850,Philippa,Bjorkan,1/2,570008a8-17e5-4f31-bd20-a9c8763edf57
851,Arte,Stote,Î©â‰ˆÃ§âˆšâˆ«ËœÂµâ‰¤â‰¥Ã·,89c90cec-ec58-4d64-9558-225e87958318
852,Stanford,McNeill,Å’â€Â´â€°Ë‡ÃÂ¨Ë†Ã˜âˆâ€â€™,dfe2b9b2-24be-4b7c-b26b-ae9acee71429
853,Klement,McKmurrie,â€ªâ€ªtestâ€ª,88147a7c-46bb-4e5b-aaa3-a39697435f50
854,Inessa,Crum,éƒ¨è½æ ¼,22a3179a-a83f-4820-a348-29f94d39bcd3
855,Janice,Dodridge,Ë™Énbá´‰lÉ ÉuÆƒÉÉ¯ ÇÉ¹olop Ê‡Ç ÇÉ¹oqÉl Ê‡n Ê‡unpá´‰pá´‰É”uá´‰ É¹odÉ¯ÇÊ‡ poÉ¯sná´‰Ç op pÇs 'Ê‡á´‰lÇ Æƒuá´‰É”sá´‰dá´‰pÉ É¹nÊ‡ÇÊ‡É”ÇsuoÉ” 'Ê‡ÇÉ¯É Ê‡á´‰s É¹olop É¯nsdá´‰ É¯ÇÉ¹oË¥,874170a4-5258-44ec-9a04-27a3ca329200
856,Brunhilda,Foston,ï¼‘ï¼’ï¼“,4f02016e-7816-4f50-97d2-93da7303f444
857,Berty,Challicum,â€©testâ€©,21f161d0-18f0-4f8c-8543-f3760b6d1fcf
858,Allayne,Foulgham,1,5bac639c-6e8f-4174-a277-6b4a7000a349
859,Annabella,Klesl,1.00,6b38b88b-5017-4e85-9203-306ff4e9026b
860,Emmalynne,Barstock,../../../../../../../../../../../etc/passwd%00,49c91a5c-e279-42b4-9262-31ee8164d046
861,Reamonn,Purkiss,999999999999999999999999999999999999999999999999999999999999999999999999999999999999999999999999,911802f0-2416-41c2-b257-5a21e41afa89
862,Ange,Jandak,ï»¿,2e338dd5-53fe-483a-b622-a4a4b50313aa
863,Lyndsay,Boundy,Ì¦HÍÌ¬Ì¤Ì—Ì¤eÍœ ÍÌœÌ¥ÌÌ»ÍÌŸwÌ•hÌ–Ì¯Í“oÌÍ™Ì–ÍÌ±Ì® Ò‰ÌºÌ™ÌÌŸÍˆWÌ·Ì¼Ì­aÌºÌªÍiÌ¨ÍˆÍ•Ì­Í™Ì¯ÌœtÌ¶Ì¼Ì®sÌ•Ì˜Í™Í– Ì Ì«Ì BÌ»ÍÍ…Í™Í‰Ì³eÌµhÌµÌ¬Í‡Ì«Í™iÌ•Ì¹Í“Ì³Ì³Ì®ÍÌ«nÍŸdÌ´ÌªÌœÌ– ÍÌ°Í‰Ì©Í…Í‡Í™Ì²TÍ¢Í–Ì¼Í“ÌªhÍÍ“Ì®Ì»eÌ¬ÌÍ…ÌŸ Ì¤Ì¹ÌWÍÍ…Í™ÌÌÍ”Í‡aÍÍ“Í”Ì¹Ì¼Ì£lÌ´Í”Ì°Ì¤ÌŸÍ”lÌ­Ì«.Í•,a264a953-65bf-4f7b-a702-784574e43ff8
864,Gloriane,Shoebrook,ï¼‘ï¼’ï¼“,ac6963c1-b1c7-4f81-85d1-0a7c2ad97c21
865,Cassondra,Pellingar,â°â´âµ,0349f7bf-a37b-4d2e-b351-dc2b925eaebb
866,Talyah,Brantzen,Ì¦HÍÌ¬Ì¤Ì—Ì¤eÍœ ÍÌœÌ¥ÌÌ»ÍÌŸwÌ•hÌ–Ì¯Í“oÌÍ™Ì–ÍÌ±Ì® Ò‰ÌºÌ™ÌÌŸÍˆWÌ·Ì¼Ì­aÌºÌªÍiÌ¨ÍˆÍ•Ì­Í™Ì¯ÌœtÌ¶Ì¼Ì®sÌ•Ì˜Í™Í– Ì Ì«Ì BÌ»ÍÍ…Í™Í‰Ì³eÌµhÌµÌ¬Í‡Ì«Í™iÌ•Ì¹Í“Ì³Ì³Ì®ÍÌ«nÍŸdÌ´ÌªÌœÌ– ÍÌ°Í‰Ì©Í…Í‡Í™Ì²TÍ¢Í–Ì¼Í“ÌªhÍÍ“Ì®Ì»eÌ¬ÌÍ…ÌŸ Ì¤Ì¹ÌWÍÍ…Í™ÌÌÍ”Í‡aÍÍ“Í”Ì¹Ì¼Ì£lÌ´Í”Ì°Ì¤ÌŸÍ”lÌ­Ì«.Í•,b83b1835-3929-4135-8567-5e3544842040
867,Joycelin,Korous,ãƒ»(ï¿£âˆ€ï¿£)ãƒ»:*:,ded86360-391c-40c0-8df9-ecb549615b7b
868,Richmound,Dibdale,ì‚¬íšŒê³¼í•™ì› ì–´í•™ì—°êµ¬ì†Œ,39fe2cff-21e7-413d-b796-825404d9071b
869,Marcile,Boick,1.00,d0795f17-12e3-4b7e-a43e-657519e44bf4
870,Melonie,Tebbet,ãƒ‘ãƒ¼ãƒ†ã‚£ãƒ¼ã¸è¡Œã‹ãªã„ã‹,0685a210-548f-4e98-aa5e-5a922af01790
871,Alecia,Idill,NULL,67378b87-ecf4-44ef-8d7e-cb530b713a36
872,Alina,Kringe,0.00,4247d4dc-c733-441c-99b5-beea6d6b8575
873,Arlin,Suff,null,0fc9145e-283e-4f61-99a4-11146bb4aece
874,Ricoriki,Sharrock,ğŸ˜,07b5784a-bb37-45b8-a6c9-30a7eb80fc46
875,Sebastien,Simony,../../../../../../../../../../../etc/hosts,5765d1bf-9eac-49a5-a724-4adcf7d7d17a
876,Trista,Ivons,ãƒ‘ãƒ¼ãƒ†ã‚£ãƒ¼ã¸è¡Œã‹ãªã„ã‹,d5bf53a6-a122-426e-856f-49e4e7a0e05a
877,Arlena,Brinkworth,"""""",65c6e879-9355-4171-94ee-2d26dc9a3715
878,Judah,Hegel,ğŸš¾ ğŸ†’ ğŸ†“ ğŸ†• ğŸ†– ğŸ†— ğŸ†™ ğŸ§,1b525365-9f9b-4ea2-ab37-d90e1ca6af3d
879,Lemmie,Beringer,"__ï¾›(,_,*)",c8298584-714a-4185-9f27-d906ae6d3464
880,Freeman,Linfitt,ğŸ˜,c0f2b55c-a288-4959-a426-89bf7d9f3d4e
881,Nathanil,Paynes,â€ªâ€ªtestâ€ª,aad24bf9-e029-4c7e-9bc1-d7d3592af525
882,Allie,Henricsson,Ã¥ÃŸâˆ‚Æ’Â©Ë™âˆ†ËšÂ¬â€¦Ã¦,341263b7-131f-464b-bccb-9ddb7a82ffa4
883,Mina,Dinwoodie,ãƒ½à¼¼àºˆÙ„Íœàºˆà¼½ï¾‰ ãƒ½à¼¼àºˆÙ„Íœàºˆà¼½ï¾‰ ,972a3231-8d5b-490a-9930-e4425362d3c2
884,Ignace,Hansana,null,427a2409-2cf2-4d61-8b07-ad1e9e0e6a9e
885,Suzann,Baxster,<img src=x onerror=alert('hi') />,7d47cbca-94f8-4fee-a1b7-acc9a22a2ebe
886,Alisun,Ridel,Â¡â„¢Â£Â¢âˆÂ§Â¶â€¢ÂªÂºâ€“â‰ ,18255d0c-6384-40b9-93a5-3d6cf3c9c4bc
887,Gradey,Duckers,ç”°ä¸­ã•ã‚“ã«ã‚ã’ã¦ä¸‹ã•ã„,77328d1e-a2d1-4330-b3da-266ec7ed86bb
888,Ferdinande,Onians,â¡,5f974a53-6714-4b38-b5cc-f1f107c83e42
889,Rube,Damrell,() { 0; }; touch /tmp/blns.shellshock1.fail;,8b1e4cb4-f4f4-4917-816b-a0026659a31a
890,Albie,Kinastan,âœ‹ğŸ¿ ğŸ’ªğŸ¿ ğŸ‘ğŸ¿ ğŸ™ŒğŸ¿ ğŸ‘ğŸ¿ ğŸ™ğŸ¿,b3e8051d-792f-448b-affd-89c486288ace
891,Chadwick,O'Duane,ğŸ‘¾ ğŸ™‡ ğŸ’ ğŸ™… ğŸ™† ğŸ™‹ ğŸ™ ğŸ™ ,8afd4a0f-9cfa-43d0-978b-cd3a82c77b1f
892,Eberto,Dignam,../../../../../../../../../../../etc/hosts,6d8dfece-9035-48fa-acd6-7509cc3325fa
893,Chrisse,Hugli,-1.00,0f16b279-850e-4f36-b4cd-ed23f81a26a6
894,Aubry,Brobeck,-1E02,0d144497-2b1c-41d8-bd01-51ab90827b0e
895,Pincus,Bonnaire,Î©â‰ˆÃ§âˆšâˆ«ËœÂµâ‰¤â‰¥Ã·,a79ef6f9-8503-4db9-b7ce-6048b6515709
896,Ronnica,Elks,/dev/null; touch /tmp/blns.fail ; echo,64abcc57-5871-4222-9279-4c5424adffde
897,Lisetta,Donoghue,`â„â‚¬â€¹â€ºï¬ï¬‚â€¡Â°Â·â€šâ€”Â±,12615b2e-5393-45dd-9d5b-4c3bec4f2186
898,Gerhard,Behnecken,ğ œğ œ±ğ ¹ğ ±“ğ ±¸ğ ²–ğ ³,ab88fda6-be34-40b9-a1f2-181f2f85a8ac
899,Corena,Brunnstein,â¤ï¸ ğŸ’” ğŸ’Œ ğŸ’• ğŸ’ ğŸ’“ ğŸ’— ğŸ’– ğŸ’˜ ğŸ’ ğŸ’Ÿ ğŸ’œ ğŸ’› ğŸ’š ğŸ’™,88b65757-acda-4c19-8f1a-7517be445d8d
900,Etty,Guiel,ãƒ½à¼¼àºˆÙ„Íœàºˆà¼½ï¾‰ ãƒ½à¼¼àºˆÙ„Íœàºˆà¼½ï¾‰ ,8df1dd14-d765-436d-a7f8-2a56963f7a35
901,Rosalynd,Hallmark,â‚€â‚â‚‚,5402a75a-efc1-4905-9989-e2223b5db254
902,Marillin,Harries,â‚€â‚â‚‚,e762a5a9-3f60-4149-af29-bfc89f0cb94b
903,Jake,MacParland,å’Œè£½æ¼¢èª,8a62062d-4d99-4d46-a773-23b0fda65b56
904,Winslow,Knowller,â‚€â‚â‚‚,55af422b-3408-4892-9885-85b44c13359a
905,Brig,Pedden,Ì—ÌºÍ–Ì¹Ì¯Í“TÌ±Ì¤ÍÌ¥Í‡ÍˆhÍÌ²eÍÍ“Ì¼Ì—Ì™Ì¼Ì£Í” Í‡ÌœÌ±Ì Í“ÍÍ…NÍ Í•eÌ—Ì±zÌ˜ÌÌœÌºÍ™pÌ¤ÌºÌ¹ÍÌ¯ÍšeÍœÌ Ì»Ì rÌ¨Ì¤ÍÌºÌ–Í”Ì–Ì–dÍŸÌ ÌŸÌ­Ì¬ÌiÌ¦Í–Ì©Í“Í”Ì¤aÌ Ì—Ì¬Í‰Ì™nÍœÍš Ì»ÌÌ°ÍšÍ…hÌµÍ‰iÌ³ÌvÌ¢Í‡eÍŸÌ­Í-Ò‰Ì­Ì©Ì¼Í”mÌ¤Ì­Ì«iÍ•Í‡ÌÌ¦nÌ—Í™dÌ£ÌŸ ÍÌ¯Ì²Í•oÌ¨ÌŸÌ¯Ì°Ì²Í™Ì»Ìf Í˜ÌªÌ°Ì°Ì—Ì–Ì­Ì˜cÌ¦ÍÌ²ÌÍÌ©Ì™hÌ£ÍšaÍœÌ®ÍÌŸÌ™oÌ›Ì©Ì¹ÍsÌ¤.ÌÌ Ò‰ZÌ¡Ì–ÌœÍ–Ì°Ì£Í‰ÌœaÍ¡Í–Ì°Í™Ì¬lÌ²Ì«Ì³ÍÌ©gÌ¡ÌŸÌ¼Ì±ÍšÌÌ¬Í…oÍœÌ—.ÌŸ,ff5c0861-fdf8-44e4-8ba2-49bb435ad4fe
906,Calla,Heys,NIL,0992d69e-eefd-4836-adcb-842019a9aa96
907,Roland,McRamsey,"""",45bc3156-b9af-4c1f-bd14-df4172b6e094
908,Nickola,Ridpath,ï»¿,bba1a7ff-8b92-408d-ac8f-3c2f81333194
909,Dallas,Podbury,-1,63123314-d212-4640-ae8f-bdf24c775d2f
910,Shepperd,Maundrell,1/2,8013a595-4519-4fa2-8467-c2f64bcec91c
911,Donnajean,Skyme,Ã…ÃÃÃËÃ“Ã”ï£¿Ã’ÃšÃ†â˜ƒ,54e43a10-278d-4122-b4a1-fd753230e0c8
912,Axel,Smewing,ZÌ®ÌÍ…Ì Í™Í”AÌ¥Ì—ÌÍˆÌ»Ì—LÌ£Í™ÍÌ¯Ì¹ÌÍ“GÌ»OÌ­Ì—Ì®,ef7f1deb-d087-4067-9f15-b4dbeba6a9ba
913,Alika,Isabell,å’Œè£½æ¼¢èª,b9deeaba-098b-4d8b-9ebb-04a68c183c22
914,Mariel,Argente,() { _; } >_[$($())] { touch /tmp/blns.shellshock2.fail; },9d8a4d24-3214-44ab-b6c5-1f00f17f2b62
915,Paolina,Turvie,-1/2,f2d7a9e6-28b2-480d-ba2e-e076fcd1123e
916,Padgett,Sandlin,0ï¸âƒ£ 1ï¸âƒ£ 2ï¸âƒ£ 3ï¸âƒ£ 4ï¸âƒ£ 5ï¸âƒ£ 6ï¸âƒ£ 7ï¸âƒ£ 8ï¸âƒ£ 9ï¸âƒ£ ğŸ”Ÿ,0d33de35-9a18-452f-ab8e-723dc4ee79b9
917,Nikolas,Londesborough,ZÌ®ÌÍ…Ì Í™Í”AÌ¥Ì—ÌÍˆÌ»Ì—LÌ£Í™ÍÌ¯Ì¹ÌÍ“GÌ»OÌ­Ì—Ì®,643be980-d5b8-4512-8a4c-3ae2a6639974
918,Sergei,Huriche,-1E+02,f6ec6585-a4b0-4b91-9e75-a6e587a98715
919,Von,Chrisp,,d6a281ce-76a5-4af4-b310-63a550afbaea
920,Anastasia,Coonihan,!@#$%^&*(),bd876da0-4b04-42cc-b79c-0d88a86ea982
921,Zonda,Yegorov,() { _; } >_[$($())] { touch /tmp/blns.shellshock2.fail; },040b3ea1-d418-4789-b871-40ac37e54d28
922,Leonardo,Lille,â°â´âµâ‚€â‚â‚‚,1d9c10a4-8893-4e95-b81a-34ba2d12406e
923,Marissa,Inold,ç”°ä¸­ã•ã‚“ã«ã‚ã’ã¦ä¸‹ã•ã„,fd49f78c-7285-4b5d-8147-c1fdbd21cbaa
924,Jackie,Cawker,â£,1e550333-d880-4bc9-90d1-27575bc51c2c
925,Thoma,Wimsett,Î©â‰ˆÃ§âˆšâˆ«ËœÂµâ‰¤â‰¥Ã·,8a072707-2d5e-4146-a426-094f1cefd009
926,Emilia,Bewsy,â€‹,9d2e0e50-4aa6-4162-a573-00ae6abe3764
927,Drusilla,Andersch,Ì¡Í“Í…ÌIÍÌ—Ì˜Ì¦nÍ‡Í‡Í™vÌ®Ì«okÌ²Ì«Ì™ÍˆiÌ–Í™Ì­Ì¹Ì ÌnÌ¡Ì»Ì®Ì£ÌºgÌ²ÍˆÍ™Ì­Í™Ì¬Í Ì°tÍ”Ì¦hÌÌ²eÌ¢Ì¤ ÍÌ¬Ì²Í–fÌ´Ì˜Í•Ì£eÍ€Í–eÌ£Ì¥Ì©lÍ–Í”ÍšiÍ Í“ÍšÌ¦nÍ–ÍÌ—Í“Ì³Ì®gÍ Ì¨oÍ¡ÍšÌªfÌ˜Ì£Ì¬ Ì–Ì˜Í–ÌŸÍ™Ì®cÒ‰Í”Ì«Í–Í“Í‡Í–Í…hÌµÌ¤Ì£ÍšÍ”aÍÌ—Ì¼Í…Í•oÌ¼Ì£Ì¥sÍ¢Ì±ÍˆÌºÌ–Ì¦Ì».Ì›Ì–ÌÌ Ì«Ì°,b0e50581-9e4e-4c9e-993e-449e6c3485e1
928,Cally,Basill,<script>alert('hi')</script>,3f22d75e-7b98-4307-94f2-3277ac7b62f5
929,Abraham,Castiglioni,',6240454e-3ff4-4db2-9b68-3481d2a0e651
930,Kelcy,Olland,ğŸ˜,8ba4aaae-6701-43b7-b315-026b2dead0aa
931,Ofilia,Romme,ç¤¾æœƒç§‘å­¸é™¢èªå­¸ç ”ç©¶æ‰€,d595e64e-3645-4778-9d06-124c19b3a9ac
932,Clair,Syms,Ã¥ÃŸâˆ‚Æ’Â©Ë™âˆ†ËšÂ¬â€¦Ã¦,0124de45-3bf4-4a10-90b0-04c3e40230c9
933,Yehudi,Ivatt,Å’â€Â´â€°Ë‡ÃÂ¨Ë†Ã˜âˆâ€â€™,18c7dc85-27dd-4f3a-9333-da972d3426e7
934,Alfie,Wellbelove,(ï½¡â—• âˆ€ â—•ï½¡),c55a226f-a2a8-4175-90fc-5e4403451875
935,Jamal,Litterick,"×‘Ö¼Ö°×¨Öµ××©×Ö´×™×ª, ×‘Ö¼Ö¸×¨Ö¸× ×Ö±×œÖ¹×”Ö´×™×, ×Öµ×ª ×”Ö·×©Ö¼×Ö¸×Ö·×™Ö´×, ×•Ö°×Öµ×ª ×”Ö¸×Ö¸×¨Ö¶×¥",4a4749a4-9769-4e5d-9505-66a7b2a946a9
936,Minnaminnie,Batterson,-1.00,138d89a8-9c20-45ed-8fe7-ae54457291d0
937,Barney,Hancke,0ï¸âƒ£ 1ï¸âƒ£ 2ï¸âƒ£ 3ï¸âƒ£ 4ï¸âƒ£ 5ï¸âƒ£ 6ï¸âƒ£ 7ï¸âƒ£ 8ï¸âƒ£ 9ï¸âƒ£ ğŸ”Ÿ,ce73f1b4-260b-44c7-88cb-5ebb117b53d1
938,Bibby,Huyhton,../../../../../../../../../../../etc/hosts,bd171c71-2a97-47b1-b063-f30d1ba6998a
939,Malinde,Durker,Å“âˆ‘Â´Â®â€ Â¥Â¨Ë†Ã¸Ï€â€œâ€˜,086e26c3-4b30-4be3-9cb6-67fe6bf8a5d5
940,Denney,Shutte,TÌ•Ì­ÌºÌºoÍ Ì·iÌ²Ì¬Í‡ÌªÍ™nÌÌ—Í•vÍŸÌŸÌœÌ˜Ì¦oÌ¶Ì™Ì°Ì keÍ€ÍšÌ®ÌºÌªÌ¹Ì±Ì¤ Ì–tÍÌÍ•Ì³Ì£Ì»ÌªhÌ¼Í“Ì²Ì¦Ì³Ì˜Ì²eÍ‡Ì£Ì°Ì¦Ì¬Í Ì¢Ì¼Ì»Ì±Ì˜hÍ…ÍšÍÍ™ÌœÌ£Ì²iÌ¦Ì²Ì£Ì°Ì¤vÌ»ÍeÌºÌ­Ì³ÌªÌ°-mÌ¢iÍ…nÌ–ÌºÌÌ²Ì¯Ì°dÌµÌ¼ÌŸÍ™Ì©Ì¼Ì˜Ì³ ÌÌ¥Ì±Ì³Ì­rÌ›Ì—Ì˜eÍ™pÍ rÌ¼ÌÌ»Ì­Ì—eÍŸÌºÌ Ì£sÌ˜Í‡Ì³ÍÌÍ‰eÍœÍ‰Ì¥Ì¯ÌÌ²ÍšÌ¬nÍ€Ì¬ÍÍÌŸÌ–Í‡Ì¤tÍ˜ÍÌ¬Í…Ì¤Í“Ì¼Ì­iÌªÌ±nÍ gÌ´Í‰ ÍÍ‰Í…cÌ¬ÌŸhÍ¡aÍ˜Ì«Ì»Ì¯oÌ«ÌŸÌ–ÍÌ™ÌÍ‰sÌ—Ì¦Ì².Ì¨Ì¹ÍˆÌ£,10745e1c-69af-42e9-aae4-1292f7b4e817
941,Sean,Peasgood,-1E2,7d63586e-600a-45ec-91fd-a36660ac0356
942,Shepard,Ansill,() { _; } >_[$($())] { touch /tmp/blns.shellshock2.fail; },84aec471-163a-4163-a85a-aafa1515af81
943,Shurwood,Barks,â°â´âµâ‚€â‚â‚‚,a47b7abe-98d7-4f35-a47c-46eb5cf0ab74
944,Paola,Brunon,"""""",20459425-fd25-421c-8227-b9f52935843d
945,Cullan,Skirven,Ë™Énbá´‰lÉ ÉuÆƒÉÉ¯ ÇÉ¹olop Ê‡Ç ÇÉ¹oqÉl Ê‡n Ê‡unpá´‰pá´‰É”uá´‰ É¹odÉ¯ÇÊ‡ poÉ¯sná´‰Ç op pÇs 'Ê‡á´‰lÇ Æƒuá´‰É”sá´‰dá´‰pÉ É¹nÊ‡ÇÊ‡É”ÇsuoÉ” 'Ê‡ÇÉ¯É Ê‡á´‰s É¹olop É¯nsdá´‰ É¯ÇÉ¹oË¥,d91b28ac-5113-45d5-91aa-14dcca9687d3
946,Delphinia,Benettolo,NULL,e4df8a10-2014-43e0-8b0f-368904ac2bfa
947,Dory,Ivanenko,á ,fbb9d14f-fc78-49a2-8cd1-98c617fcf84c
948,Reggie,Tamas,/dev/null; touch /tmp/blns.fail ; echo,f5195fec-43f0-4475-9391-30f468d77603
949,Tallou,L'Hommeau,â¡,0566ad2e-08f7-4da1-90b4-93a5f6fb357c
950,Gwendolen,Berndsen,å’Œè£½æ¼¢èª,4b3887ea-78be-457b-965b-19df4beaf8ff
951,Molly,Trewinnard,áš€,b9dd01b3-6d3a-4110-ae87-5631a869909b
952,Clarisse,Petrushanko,$1.00,09dead31-9c27-428b-86a6-5ef5ff5e21bf
953,Papagena,Lys,999999999999999999999999999999999999999999999999999999999999999999999999999999999999999999999999,ef0cda98-5038-42f2-9c28-0e1f7767475f
954,Dorie,Vennard,Ã¥ÃŸâˆ‚Æ’Â©Ë™âˆ†ËšÂ¬â€¦Ã¦,de993e71-10f1-461d-9b01-6522d24e5a47
955,Ekaterina,Hinemoor,ì‚¬íšŒê³¼í•™ì› ì–´í•™ì—°êµ¬ì†Œ,d0b2d9c0-2730-4bb4-8f25-93ac24614b6a
956,Davey,Searl,() { _; } >_[$($())] { touch /tmp/blns.shellshock2.fail; },58f64af9-7abb-4218-99c5-03cc19218366
957,Melesa,Avison,NULL,a5b883a8-d34e-40f5-b9b4-6c4d47e203a7
958,Lars,Eilhart,ğŸ˜,4fb92b14-ef3a-43d3-9b88-ced1d848c33e
959,Phaedra,Frere,'',dd4dc58f-722f-41e1-a9e0-219c6be88bc9
960,Petrina,Clendening,`â„â‚¬â€¹â€ºï¬ï¬‚â€¡Â°Â·â€šâ€”Â±,40057987-4d08-49c5-a8e8-f83fc8f1d7bb
961,Fair,Guare,-1E2,cae8019b-a706-42b1-b735-be7e2ca52a34
962,Leodora,Cisneros,â€‹,a31626df-40a5-4abf-a184-7b1efeefe49f
963,Kirbie,Lyon,ã€€,d34513eb-883e-47a6-bb53-16c85765a624
964,Rey,Writtle,/dev/null; touch /tmp/blns.fail ; echo,c8df8000-4508-46b5-8915-638f02187a6a
965,Doris,Slorance,1,1674dd38-39fe-4aae-80f0-b5577b9c79bd
966,Willis,Leonida,âœ‹ğŸ¿ ğŸ’ªğŸ¿ ğŸ‘ğŸ¿ ğŸ™ŒğŸ¿ ğŸ‘ğŸ¿ ğŸ™ğŸ¿,e4797e74-119f-42ae-abe7-f712cbcfeb3d
967,Tonnie,Cluckie,Ã¥ÃŸâˆ‚Æ’Â©Ë™âˆ†ËšÂ¬â€¦Ã¦,c1484526-7cb5-4bb9-b799-52971358fe1a
968,Fancie,Tilling,1.00,8d71a0e5-54f6-4513-ba42-22704b34f414
969,Glyn,Borris,() { 0; }; touch /tmp/blns.shellshock1.fail;,f8f441a8-b2c2-4440-a501-cb48cd799e5a
970,Marga,Kleinhandler,áš€,39666f55-88a9-4581-ae14-b75d67b80e42
971,Marybelle,Bouts,testâ testâ€«,90099f19-8d89-481f-afa7-02068703fb16
972,Fern,Neames,() { _; } >_[$($())] { touch /tmp/blns.shellshock2.fail; },9949ae9e-7746-48f4-a695-b2fdfc23b88c
973,Micki,Threadgall,Ì¡Í“Í…ÌIÍÌ—Ì˜Ì¦nÍ‡Í‡Í™vÌ®Ì«okÌ²Ì«Ì™ÍˆiÌ–Í™Ì­Ì¹Ì ÌnÌ¡Ì»Ì®Ì£ÌºgÌ²ÍˆÍ™Ì­Í™Ì¬Í Ì°tÍ”Ì¦hÌÌ²eÌ¢Ì¤ ÍÌ¬Ì²Í–fÌ´Ì˜Í•Ì£eÍ€Í–eÌ£Ì¥Ì©lÍ–Í”ÍšiÍ Í“ÍšÌ¦nÍ–ÍÌ—Í“Ì³Ì®gÍ Ì¨oÍ¡ÍšÌªfÌ˜Ì£Ì¬ Ì–Ì˜Í–ÌŸÍ™Ì®cÒ‰Í”Ì«Í–Í“Í‡Í–Í…hÌµÌ¤Ì£ÍšÍ”aÍÌ—Ì¼Í…Í•oÌ¼Ì£Ì¥sÍ¢Ì±ÍˆÌºÌ–Ì¦Ì».Ì›Ì–ÌÌ Ì«Ì°,96b1d41d-75ef-466d-9a18-9298bd132af2
974,Urbain,Caen,Å’â€Â´â€°Ë‡ÃÂ¨Ë†Ã˜âˆâ€â€™,59543661-9e4c-4960-8242-3433f791b56b
975,Allyn,Nutbrown,ï»¿,6c964086-76fc-4584-b866-92355f46cbb8
976,Rahal,Lothean,!@#$%^&*(),334b96c8-7fc6-4b62-8640-d3d0ba48a046
977,Skyler,Kairns,ã€€,6c5a5c8c-c325-46a2-b197-0e4f70a050dd
978,Spense,Sesons,ã€€,039e86ba-1797-4be6-ab7d-c3d08b99c3cb
979,Gayla,Ottosen,ç¤¾æœƒç§‘å­¸é™¢èªå­¸ç ”ç©¶æ‰€,d97be8e0-d458-464a-97f5-a2993174fe35
980,Kimberly,Leinthall,1/0,0c0a611e-2562-4937-abfa-357da512ec36
981,Arthur,Enser,../../../../../../../../../../../etc/passwd%00,7f299149-bac2-45be-870f-45611da86d47
982,Rafferty,Benez,1E+02,357648a6-9710-4a5e-a85f-d8fc1a0caa0c
983,Juli,Judkin,1/2,abab30e9-f506-42d1-8274-436f4ad62fd4
984,Krishna,Demcik,ğŸµ ğŸ™ˆ ğŸ™‰ ğŸ™Š,8ff96e59-5248-49d7-b42d-ea6673626582
985,Tildi,McWard,ï»¿,f6f72d62-07f4-445c-bb71-171b7fe43238
986,Fabiano,Joscelyn,â€ªâ€ªtestâ€ª,7b880c31-1bd6-46eb-a0df-cb6d60dcab21
987,Kordula,Aris,"__ï¾›(,_,*)",181ea5ef-e5aa-4f5a-831a-840466bfc4c8
988,Mariann,Golde,1'; DROP TABLE users--,b746bc19-8213-4218-be8f-a79e23b5eab9
989,Lyssa,Normand,-1E+02,b9cc94e5-40da-415c-8754-53007d760677
990,Shawn,Aymerich,1.00,2ae4a1af-c969-49c6-a1c6-528491a15c02
991,Joshua,Burstowe,ğŸ˜,75ce4b59-1e2d-48f9-94c5-fbc6c52687f6
992,Ewan,Drinkall,ç”°ä¸­ã•ã‚“ã«ã‚ã’ã¦ä¸‹ã•ã„,25da4b05-3337-4cf2-93ec-44257dc7e657
993,Felicity,McRavey,<script>alert('hi')</script>,d23e4c68-35e9-4a19-bee8-74fc3229274c
994,Ilyssa,Cuseck,() { 0; }; touch /tmp/blns.shellshock1.fail;,e97bb009-d082-46a2-aff0-4c9d392c3990
995,Cully,Imason,,8b373e1a-8f12-4d5a-a77f-e7c145417440
996,Niccolo,Spadaro,Ì¦HÍÌ¬Ì¤Ì—Ì¤eÍœ ÍÌœÌ¥ÌÌ»ÍÌŸwÌ•hÌ–Ì¯Í“oÌÍ™Ì–ÍÌ±Ì® Ò‰ÌºÌ™ÌÌŸÍˆWÌ·Ì¼Ì­aÌºÌªÍiÌ¨ÍˆÍ•Ì­Í™Ì¯ÌœtÌ¶Ì¼Ì®sÌ•Ì˜Í™Í– Ì Ì«Ì BÌ»ÍÍ…Í™Í‰Ì³eÌµhÌµÌ¬Í‡Ì«Í™iÌ•Ì¹Í“Ì³Ì³Ì®ÍÌ«nÍŸdÌ´ÌªÌœÌ– ÍÌ°Í‰Ì©Í…Í‡Í™Ì²TÍ¢Í–Ì¼Í“ÌªhÍÍ“Ì®Ì»eÌ¬ÌÍ…ÌŸ Ì¤Ì¹ÌWÍÍ…Í™ÌÌÍ”Í‡aÍÍ“Í”Ì¹Ì¼Ì£lÌ´Í”Ì°Ì¤ÌŸÍ”lÌ­Ì«.Í•,a686ebce-ede1-4d0b-875d-cba28d73ba26
997,Nanice,Kingsnoad,ã€€,e227008e-85b0-421a-b24a-e9adaa4b83b9
998,Bebe,Wackett,Ì—ÌºÍ–Ì¹Ì¯Í“TÌ±Ì¤ÍÌ¥Í‡ÍˆhÍÌ²eÍÍ“Ì¼Ì—Ì™Ì¼Ì£Í” Í‡ÌœÌ±Ì Í“ÍÍ…NÍ Í•eÌ—Ì±zÌ˜ÌÌœÌºÍ™pÌ¤ÌºÌ¹ÍÌ¯ÍšeÍœÌ Ì»Ì rÌ¨Ì¤ÍÌºÌ–Í”Ì–Ì–dÍŸÌ ÌŸÌ­Ì¬ÌiÌ¦Í–Ì©Í“Í”Ì¤aÌ Ì—Ì¬Í‰Ì™nÍœÍš Ì»ÌÌ°ÍšÍ…hÌµÍ‰iÌ³ÌvÌ¢Í‡eÍŸÌ­Í-Ò‰Ì­Ì©Ì¼Í”mÌ¤Ì­Ì«iÍ•Í‡ÌÌ¦nÌ—Í™dÌ£ÌŸ ÍÌ¯Ì²Í•oÌ¨ÌŸÌ¯Ì°Ì²Í™Ì»Ìf Í˜ÌªÌ°Ì°Ì—Ì–Ì­Ì˜cÌ¦ÍÌ²ÌÍÌ©Ì™hÌ£ÍšaÍœÌ®ÍÌŸÌ™oÌ›Ì©Ì¹ÍsÌ¤.ÌÌ Ò‰ZÌ¡Ì–ÌœÍ–Ì°Ì£Í‰ÌœaÍ¡Í–Ì°Í™Ì¬lÌ²Ì«Ì³ÍÌ©gÌ¡ÌŸÌ¼Ì±ÍšÌÌ¬Í…oÍœÌ—.ÌŸ,651bddf5-6f73-466e-84c0-5fc6422346c4
999,Kendricks,Voller,â¡,55dde264-ca40-47f9-9ef4-e5e60cdf0f99
1000,Tallulah,Crunkhorn,(â•¯Â°â–¡Â°ï¼‰â•¯ï¸µ â”»â”â”»)  ,d2dacecc-5cc5-4387-b75c-724513c61b1e
